<?xml version="1.0" encoding="UTF-8"?>
<definitions xmlns="http://schemas.xmlsoap.org/wsdl/" xmlns:wsdl="http://schemas.xmlsoap.org/wsdl/" xmlns:tns="http://soap.upskills.in/soap/default?services=customerCustomerRepositoryV1" xmlns:soap="http://schemas.xmlsoap.org/wsdl/soap/" xmlns:xsd="http://www.w3.org/2001/XMLSchema" xmlns:soap-enc="http://schemas.xmlsoap.org/soap/encoding/" xmlns:soap12="http://schemas.xmlsoap.org/wsdl/soap12/" name="MagentoWSDL" targetNamespace="http://soap.upskills.in/soap/default?services=customerCustomerRepositoryV1"><types><xsd:schema targetNamespace="http://soap.upskills.in/soap/default?services=customerCustomerRepositoryV1"><xsd:element name="GenericFault" type="tns:GenericFault"/><xsd:complexType name="GenericFaultParameter"><xsd:sequence><xsd:element name="key" minOccurs="1" maxOccurs="1" type="xsd:string"><xsd:annotation><xsd:documentation></xsd:documentation><xsd:appinfo xmlns:inf="http://soap.upskills.in/soap/default?services=customerCustomerRepositoryV1"><inf:maxLength/></xsd:appinfo></xsd:annotation></xsd:element><xsd:element name="value" minOccurs="1" maxOccurs="1" type="xsd:string"><xsd:annotation><xsd:documentation></xsd:documentation><xsd:appinfo xmlns:inf="http://soap.upskills.in/soap/default?services=customerCustomerRepositoryV1"><inf:maxLength/></xsd:appinfo></xsd:annotation></xsd:element></xsd:sequence></xsd:complexType><xsd:complexType name="ArrayOfGenericFaultParameter"><xsd:annotation><xsd:documentation>An array of GenericFaultParameter items.</xsd:documentation><xsd:appinfo xmlns:inf="http://soap.upskills.in/soap/default?services=customerCustomerRepositoryV1"/></xsd:annotation><xsd:sequence><xsd:element name="item" minOccurs="0" maxOccurs="unbounded" type="tns:GenericFaultParameter"><xsd:annotation><xsd:documentation>An item of ArrayOfGenericFaultParameter.</xsd:documentation><xsd:appinfo xmlns:inf="http://soap.upskills.in/soap/default?services=customerCustomerRepositoryV1"/></xsd:annotation></xsd:element></xsd:sequence></xsd:complexType><xsd:complexType name="WrappedError"><xsd:sequence><xsd:element name="message" minOccurs="1" maxOccurs="1" type="xsd:string"><xsd:annotation><xsd:documentation></xsd:documentation><xsd:appinfo xmlns:inf="http://soap.upskills.in/soap/default?services=customerCustomerRepositoryV1"><inf:maxLength/></xsd:appinfo></xsd:annotation></xsd:element><xsd:element name="parameters" type="tns:ArrayOfGenericFaultParameter" minOccurs="0"><xsd:annotation><xsd:documentation>Message parameters.</xsd:documentation><xsd:appinfo xmlns:inf="http://soap.upskills.in/soap/default?services=customerCustomerRepositoryV1"><inf:natureOfType>array</inf:natureOfType></xsd:appinfo></xsd:annotation></xsd:element></xsd:sequence></xsd:complexType><xsd:complexType name="ArrayOfWrappedError"><xsd:annotation><xsd:documentation>An array of WrappedError items.</xsd:documentation><xsd:appinfo xmlns:inf="http://soap.upskills.in/soap/default?services=customerCustomerRepositoryV1"/></xsd:annotation><xsd:sequence><xsd:element name="item" minOccurs="0" maxOccurs="unbounded" type="tns:WrappedError"><xsd:annotation><xsd:documentation>An item of ArrayOfWrappedError.</xsd:documentation><xsd:appinfo xmlns:inf="http://soap.upskills.in/soap/default?services=customerCustomerRepositoryV1"/></xsd:annotation></xsd:element></xsd:sequence></xsd:complexType><xsd:complexType name="GenericFault"><xsd:sequence><xsd:element name="Trace" minOccurs="0" maxOccurs="1" type="xsd:string"><xsd:annotation><xsd:documentation>Exception calls stack trace.</xsd:documentation><xsd:appinfo xmlns:inf="http://soap.upskills.in/soap/default?services=customerCustomerRepositoryV1"><inf:maxLength/></xsd:appinfo></xsd:annotation></xsd:element><xsd:element name="Parameters" type="tns:ArrayOfGenericFaultParameter" minOccurs="0"><xsd:annotation><xsd:documentation>Additional exception parameters.</xsd:documentation><xsd:appinfo xmlns:inf="http://soap.upskills.in/soap/default?services=customerCustomerRepositoryV1"><inf:natureOfType>array</inf:natureOfType></xsd:appinfo></xsd:annotation></xsd:element><xsd:element name="WrappedErrors" type="tns:ArrayOfWrappedError" minOccurs="0"><xsd:annotation><xsd:documentation>Additional wrapped errors.</xsd:documentation><xsd:appinfo xmlns:inf="http://soap.upskills.in/soap/default?services=customerCustomerRepositoryV1"><inf:natureOfType>array</inf:natureOfType></xsd:appinfo></xsd:annotation></xsd:element></xsd:sequence></xsd:complexType><xsd:complexType name="FrameworkDataImageContentInterface"><xsd:annotation><xsd:documentation>Image Content data interface</xsd:documentation><xsd:appinfo xmlns:inf="http://soap.upskills.in/soap/default?services=customerCustomerRepositoryV1"/></xsd:annotation><xsd:sequence><xsd:element name="base64EncodedData" minOccurs="1" maxOccurs="1" type="xsd:string"><xsd:annotation><xsd:documentation>Media data (base64 encoded content)</xsd:documentation><xsd:appinfo xmlns:inf="http://soap.upskills.in/soap/default?services=customerCustomerRepositoryV1"><inf:maxLength/></xsd:appinfo></xsd:annotation></xsd:element><xsd:element name="type" minOccurs="1" maxOccurs="1" type="xsd:string"><xsd:annotation><xsd:documentation>MIME type</xsd:documentation><xsd:appinfo xmlns:inf="http://soap.upskills.in/soap/default?services=customerCustomerRepositoryV1"><inf:maxLength/></xsd:appinfo></xsd:annotation></xsd:element><xsd:element name="name" minOccurs="1" maxOccurs="1" type="xsd:string"><xsd:annotation><xsd:documentation>Image name</xsd:documentation><xsd:appinfo xmlns:inf="http://soap.upskills.in/soap/default?services=customerCustomerRepositoryV1"><inf:maxLength/></xsd:appinfo></xsd:annotation></xsd:element></xsd:sequence></xsd:complexType><xsd:complexType name="CustomerDataRegionExtensionInterface"><xsd:annotation><xsd:documentation>ExtensionInterface class for @see \Magento\Customer\Api\Data\RegionInterface</xsd:documentation><xsd:appinfo xmlns:inf="http://soap.upskills.in/soap/default?services=customerCustomerRepositoryV1"/></xsd:annotation></xsd:complexType><xsd:complexType name="CustomerDataRegionInterface"><xsd:annotation><xsd:documentation>Customer address region interface.</xsd:documentation><xsd:appinfo xmlns:inf="http://soap.upskills.in/soap/default?services=customerCustomerRepositoryV1"/></xsd:annotation><xsd:sequence><xsd:element name="regionCode" minOccurs="1" maxOccurs="1" type="xsd:string"><xsd:annotation><xsd:documentation>Region code</xsd:documentation><xsd:appinfo xmlns:inf="http://soap.upskills.in/soap/default?services=customerCustomerRepositoryV1"><inf:maxLength/></xsd:appinfo></xsd:annotation></xsd:element><xsd:element name="region" minOccurs="1" maxOccurs="1" type="xsd:string"><xsd:annotation><xsd:documentation>Region</xsd:documentation><xsd:appinfo xmlns:inf="http://soap.upskills.in/soap/default?services=customerCustomerRepositoryV1"><inf:maxLength/></xsd:appinfo></xsd:annotation></xsd:element><xsd:element name="regionId" minOccurs="1" maxOccurs="1" type="xsd:int"><xsd:annotation><xsd:documentation>Region id</xsd:documentation><xsd:appinfo xmlns:inf="http://soap.upskills.in/soap/default?services=customerCustomerRepositoryV1"><inf:min/><inf:max/></xsd:appinfo></xsd:annotation></xsd:element><xsd:element name="extensionAttributes" minOccurs="0" maxOccurs="1" type="tns:CustomerDataRegionExtensionInterface"><xsd:annotation><xsd:documentation>Existing extension attributes object or create a new one.</xsd:documentation><xsd:appinfo xmlns:inf="http://soap.upskills.in/soap/default?services=customerCustomerRepositoryV1"/></xsd:annotation></xsd:element></xsd:sequence></xsd:complexType><xsd:complexType name="ArrayOfString"><xsd:annotation><xsd:documentation>An array of string items.</xsd:documentation><xsd:appinfo xmlns:inf="http://soap.upskills.in/soap/default?services=customerCustomerRepositoryV1"/></xsd:annotation><xsd:sequence><xsd:element name="item" minOccurs="0" maxOccurs="unbounded" type="xsd:string"><xsd:annotation><xsd:documentation>An item of ArrayOfString.</xsd:documentation><xsd:appinfo xmlns:inf="http://soap.upskills.in/soap/default?services=customerCustomerRepositoryV1"><inf:maxLength/></xsd:appinfo></xsd:annotation></xsd:element></xsd:sequence></xsd:complexType><xsd:complexType name="CustomerDataAddressExtensionInterface"><xsd:annotation><xsd:documentation>ExtensionInterface class for @see \Magento\Customer\Api\Data\AddressInterface</xsd:documentation><xsd:appinfo xmlns:inf="http://soap.upskills.in/soap/default?services=customerCustomerRepositoryV1"/></xsd:annotation></xsd:complexType><xsd:complexType name="FrameworkAttributeInterface"><xsd:annotation><xsd:documentation>Interface for custom attribute value.</xsd:documentation><xsd:appinfo xmlns:inf="http://soap.upskills.in/soap/default?services=customerCustomerRepositoryV1"/></xsd:annotation><xsd:sequence><xsd:element name="attributeCode" minOccurs="1" maxOccurs="1" type="xsd:string"><xsd:annotation><xsd:documentation>Attribute code</xsd:documentation><xsd:appinfo xmlns:inf="http://soap.upskills.in/soap/default?services=customerCustomerRepositoryV1"><inf:maxLength/></xsd:appinfo></xsd:annotation></xsd:element><xsd:element name="value" minOccurs="1" maxOccurs="1" type="xsd:anyType"><xsd:annotation><xsd:documentation>Attribute value</xsd:documentation><xsd:appinfo xmlns:inf="http://soap.upskills.in/soap/default?services=customerCustomerRepositoryV1"/></xsd:annotation></xsd:element></xsd:sequence></xsd:complexType><xsd:complexType name="ArrayOfFrameworkAttributeInterface"><xsd:annotation><xsd:documentation>An array of FrameworkAttributeInterface items.</xsd:documentation><xsd:appinfo xmlns:inf="http://soap.upskills.in/soap/default?services=customerCustomerRepositoryV1"/></xsd:annotation><xsd:sequence><xsd:element name="item" minOccurs="0" maxOccurs="unbounded" type="tns:FrameworkAttributeInterface"><xsd:annotation><xsd:documentation>An item of ArrayOfFrameworkAttributeInterface.</xsd:documentation><xsd:appinfo xmlns:inf="http://soap.upskills.in/soap/default?services=customerCustomerRepositoryV1"/></xsd:annotation></xsd:element></xsd:sequence></xsd:complexType><xsd:complexType name="CustomerDataAddressInterface"><xsd:annotation><xsd:documentation>Customer address interface.</xsd:documentation><xsd:appinfo xmlns:inf="http://soap.upskills.in/soap/default?services=customerCustomerRepositoryV1"/></xsd:annotation><xsd:sequence><xsd:element name="id" minOccurs="0" maxOccurs="1" type="xsd:int"><xsd:annotation><xsd:documentation>ID</xsd:documentation><xsd:appinfo xmlns:inf="http://soap.upskills.in/soap/default?services=customerCustomerRepositoryV1"><inf:min/><inf:max/></xsd:appinfo></xsd:annotation></xsd:element><xsd:element name="customerId" minOccurs="0" maxOccurs="1" type="xsd:int"><xsd:annotation><xsd:documentation>Customer ID</xsd:documentation><xsd:appinfo xmlns:inf="http://soap.upskills.in/soap/default?services=customerCustomerRepositoryV1"><inf:min/><inf:max/></xsd:appinfo></xsd:annotation></xsd:element><xsd:element name="region" minOccurs="0" maxOccurs="1" type="tns:CustomerDataRegionInterface"><xsd:annotation><xsd:documentation>Region</xsd:documentation><xsd:appinfo xmlns:inf="http://soap.upskills.in/soap/default?services=customerCustomerRepositoryV1"/></xsd:annotation></xsd:element><xsd:element name="regionId" minOccurs="0" maxOccurs="1" type="xsd:int"><xsd:annotation><xsd:documentation>Region ID</xsd:documentation><xsd:appinfo xmlns:inf="http://soap.upskills.in/soap/default?services=customerCustomerRepositoryV1"><inf:min/><inf:max/></xsd:appinfo></xsd:annotation></xsd:element><xsd:element name="countryId" minOccurs="0" maxOccurs="1" type="xsd:string"><xsd:annotation><xsd:documentation>Country code in ISO_3166-2 format</xsd:documentation><xsd:appinfo xmlns:inf="http://soap.upskills.in/soap/default?services=customerCustomerRepositoryV1"><inf:maxLength/></xsd:appinfo></xsd:annotation></xsd:element><xsd:element name="street" type="tns:ArrayOfString" minOccurs="0"><xsd:annotation><xsd:documentation>Street</xsd:documentation><xsd:appinfo xmlns:inf="http://soap.upskills.in/soap/default?services=customerCustomerRepositoryV1"><inf:natureOfType>array</inf:natureOfType></xsd:appinfo></xsd:annotation></xsd:element><xsd:element name="company" minOccurs="0" maxOccurs="1" type="xsd:string"><xsd:annotation><xsd:documentation>Company</xsd:documentation><xsd:appinfo xmlns:inf="http://soap.upskills.in/soap/default?services=customerCustomerRepositoryV1"><inf:maxLength/></xsd:appinfo></xsd:annotation></xsd:element><xsd:element name="telephone" minOccurs="0" maxOccurs="1" type="xsd:string"><xsd:annotation><xsd:documentation>Telephone number</xsd:documentation><xsd:appinfo xmlns:inf="http://soap.upskills.in/soap/default?services=customerCustomerRepositoryV1"><inf:maxLength/></xsd:appinfo></xsd:annotation></xsd:element><xsd:element name="fax" minOccurs="0" maxOccurs="1" type="xsd:string"><xsd:annotation><xsd:documentation>Fax number</xsd:documentation><xsd:appinfo xmlns:inf="http://soap.upskills.in/soap/default?services=customerCustomerRepositoryV1"><inf:maxLength/></xsd:appinfo></xsd:annotation></xsd:element><xsd:element name="postcode" minOccurs="0" maxOccurs="1" type="xsd:string"><xsd:annotation><xsd:documentation>Postcode</xsd:documentation><xsd:appinfo xmlns:inf="http://soap.upskills.in/soap/default?services=customerCustomerRepositoryV1"><inf:maxLength/></xsd:appinfo></xsd:annotation></xsd:element><xsd:element name="city" minOccurs="0" maxOccurs="1" type="xsd:string"><xsd:annotation><xsd:documentation>City name</xsd:documentation><xsd:appinfo xmlns:inf="http://soap.upskills.in/soap/default?services=customerCustomerRepositoryV1"><inf:maxLength/></xsd:appinfo></xsd:annotation></xsd:element><xsd:element name="firstname" minOccurs="0" maxOccurs="1" type="xsd:string"><xsd:annotation><xsd:documentation>First name</xsd:documentation><xsd:appinfo xmlns:inf="http://soap.upskills.in/soap/default?services=customerCustomerRepositoryV1"><inf:maxLength/></xsd:appinfo></xsd:annotation></xsd:element><xsd:element name="lastname" minOccurs="0" maxOccurs="1" type="xsd:string"><xsd:annotation><xsd:documentation>Last name</xsd:documentation><xsd:appinfo xmlns:inf="http://soap.upskills.in/soap/default?services=customerCustomerRepositoryV1"><inf:maxLength/></xsd:appinfo></xsd:annotation></xsd:element><xsd:element name="middlename" minOccurs="0" maxOccurs="1" type="xsd:string"><xsd:annotation><xsd:documentation>Middle name</xsd:documentation><xsd:appinfo xmlns:inf="http://soap.upskills.in/soap/default?services=customerCustomerRepositoryV1"><inf:maxLength/></xsd:appinfo></xsd:annotation></xsd:element><xsd:element name="prefix" minOccurs="0" maxOccurs="1" type="xsd:string"><xsd:annotation><xsd:documentation>Prefix</xsd:documentation><xsd:appinfo xmlns:inf="http://soap.upskills.in/soap/default?services=customerCustomerRepositoryV1"><inf:maxLength/></xsd:appinfo></xsd:annotation></xsd:element><xsd:element name="suffix" minOccurs="0" maxOccurs="1" type="xsd:string"><xsd:annotation><xsd:documentation>Suffix</xsd:documentation><xsd:appinfo xmlns:inf="http://soap.upskills.in/soap/default?services=customerCustomerRepositoryV1"><inf:maxLength/></xsd:appinfo></xsd:annotation></xsd:element><xsd:element name="vatId" minOccurs="0" maxOccurs="1" type="xsd:string"><xsd:annotation><xsd:documentation>Vat id</xsd:documentation><xsd:appinfo xmlns:inf="http://soap.upskills.in/soap/default?services=customerCustomerRepositoryV1"><inf:maxLength/></xsd:appinfo></xsd:annotation></xsd:element><xsd:element name="defaultShipping" minOccurs="0" maxOccurs="1" type="xsd:boolean"><xsd:annotation><xsd:documentation>If this address is default shipping address.</xsd:documentation><xsd:appinfo xmlns:inf="http://soap.upskills.in/soap/default?services=customerCustomerRepositoryV1"><inf:default>false</inf:default></xsd:appinfo></xsd:annotation></xsd:element><xsd:element name="defaultBilling" minOccurs="0" maxOccurs="1" type="xsd:boolean"><xsd:annotation><xsd:documentation>If this address is default billing address</xsd:documentation><xsd:appinfo xmlns:inf="http://soap.upskills.in/soap/default?services=customerCustomerRepositoryV1"><inf:default>false</inf:default></xsd:appinfo></xsd:annotation></xsd:element><xsd:element name="extensionAttributes" minOccurs="0" maxOccurs="1" type="tns:CustomerDataAddressExtensionInterface"><xsd:annotation><xsd:documentation>Existing extension attributes object or create a new one.</xsd:documentation><xsd:appinfo xmlns:inf="http://soap.upskills.in/soap/default?services=customerCustomerRepositoryV1"/></xsd:annotation></xsd:element><xsd:element name="customAttributes" type="tns:ArrayOfFrameworkAttributeInterface" minOccurs="0"><xsd:annotation><xsd:documentation>Custom attributes values.</xsd:documentation><xsd:appinfo xmlns:inf="http://soap.upskills.in/soap/default?services=customerCustomerRepositoryV1"><inf:natureOfType>array</inf:natureOfType></xsd:appinfo></xsd:annotation></xsd:element></xsd:sequence></xsd:complexType><xsd:element name="customerCustomerRepositoryV1GetByIdRequest" type="tns:CustomerCustomerRepositoryV1GetByIdRequest"/><xsd:complexType name="CustomerCustomerRepositoryV1GetByIdRequest"><xsd:annotation><xsd:documentation>Get customer by Customer ID.</xsd:documentation><xsd:appinfo xmlns:inf="http://soap.upskills.in/soap/default?services=customerCustomerRepositoryV1"/></xsd:annotation><xsd:sequence><xsd:element name="customerId" minOccurs="1" maxOccurs="1" type="xsd:int"><xsd:annotation><xsd:documentation></xsd:documentation><xsd:appinfo xmlns:inf="http://soap.upskills.in/soap/default?services=customerCustomerRepositoryV1"><inf:min/><inf:max/><inf:callInfo><inf:callName>customerCustomerRepositoryV1GetById</inf:callName><inf:requiredInput>Yes</inf:requiredInput></inf:callInfo></xsd:appinfo></xsd:annotation></xsd:element></xsd:sequence></xsd:complexType><xsd:element name="customerCustomerRepositoryV1GetByIdResponse" type="tns:CustomerCustomerRepositoryV1GetByIdResponse"/><xsd:complexType name="ArrayOfCustomerDataAddressInterface"><xsd:annotation><xsd:documentation>An array of CustomerDataAddressInterface items.</xsd:documentation><xsd:appinfo xmlns:inf="http://soap.upskills.in/soap/default?services=customerCustomerRepositoryV1"/></xsd:annotation><xsd:sequence><xsd:element name="item" minOccurs="0" maxOccurs="unbounded" type="tns:CustomerDataAddressInterface"><xsd:annotation><xsd:documentation>An item of ArrayOfCustomerDataAddressInterface.</xsd:documentation><xsd:appinfo xmlns:inf="http://soap.upskills.in/soap/default?services=customerCustomerRepositoryV1"><inf:callInfo><inf:callName>customerCustomerRepositoryV1GetById</inf:callName><inf:callName>customerCustomerRepositoryV1Save</inf:callName><inf:returned>Conditionally</inf:returned></inf:callInfo><inf:callInfo><inf:callName>customerCustomerRepositoryV1Save</inf:callName><inf:requiredInput>No</inf:requiredInput></inf:callInfo></xsd:appinfo></xsd:annotation></xsd:element></xsd:sequence></xsd:complexType><xsd:complexType name="CustomerDataCustomerExtensionInterface"><xsd:annotation><xsd:documentation>ExtensionInterface class for @see \Magento\Customer\Api\Data\CustomerInterface</xsd:documentation><xsd:appinfo xmlns:inf="http://soap.upskills.in/soap/default?services=customerCustomerRepositoryV1"/></xsd:annotation><xsd:sequence><xsd:element name="isSubscribed" minOccurs="0" maxOccurs="1" type="xsd:boolean"><xsd:annotation><xsd:documentation></xsd:documentation><xsd:appinfo xmlns:inf="http://soap.upskills.in/soap/default?services=customerCustomerRepositoryV1"><inf:default>false</inf:default><inf:callInfo><inf:callName>customerCustomerRepositoryV1GetById</inf:callName><inf:callName>customerCustomerRepositoryV1Save</inf:callName><inf:returned>Conditionally</inf:returned></inf:callInfo><inf:callInfo><inf:callName>customerCustomerRepositoryV1Save</inf:callName><inf:requiredInput>No</inf:requiredInput></inf:callInfo></xsd:appinfo></xsd:annotation></xsd:element><xsd:element name="amazonId" minOccurs="0" maxOccurs="1" type="xsd:string"><xsd:annotation><xsd:documentation></xsd:documentation><xsd:appinfo xmlns:inf="http://soap.upskills.in/soap/default?services=customerCustomerRepositoryV1"><inf:maxLength/><inf:callInfo><inf:callName>customerCustomerRepositoryV1GetById</inf:callName><inf:callName>customerCustomerRepositoryV1Save</inf:callName><inf:returned>Conditionally</inf:returned></inf:callInfo><inf:callInfo><inf:callName>customerCustomerRepositoryV1Save</inf:callName><inf:requiredInput>No</inf:requiredInput></inf:callInfo></xsd:appinfo></xsd:annotation></xsd:element><xsd:element name="vertexCustomerCode" minOccurs="0" maxOccurs="1" type="xsd:string"><xsd:annotation><xsd:documentation></xsd:documentation><xsd:appinfo xmlns:inf="http://soap.upskills.in/soap/default?services=customerCustomerRepositoryV1"><inf:maxLength/><inf:callInfo><inf:callName>customerCustomerRepositoryV1GetById</inf:callName><inf:callName>customerCustomerRepositoryV1Save</inf:callName><inf:returned>Conditionally</inf:returned></inf:callInfo><inf:callInfo><inf:callName>customerCustomerRepositoryV1Save</inf:callName><inf:requiredInput>No</inf:requiredInput></inf:callInfo></xsd:appinfo></xsd:annotation></xsd:element></xsd:sequence></xsd:complexType><xsd:complexType name="CustomerDataCustomerInterface"><xsd:annotation><xsd:documentation>Customer interface.</xsd:documentation><xsd:appinfo xmlns:inf="http://soap.upskills.in/soap/default?services=customerCustomerRepositoryV1"/></xsd:annotation><xsd:sequence><xsd:element name="id" minOccurs="0" maxOccurs="1" type="xsd:int"><xsd:annotation><xsd:documentation>Customer id</xsd:documentation><xsd:appinfo xmlns:inf="http://soap.upskills.in/soap/default?services=customerCustomerRepositoryV1"><inf:min/><inf:max/><inf:callInfo><inf:callName>customerCustomerRepositoryV1GetById</inf:callName><inf:callName>customerCustomerRepositoryV1Save</inf:callName><inf:returned>Conditionally</inf:returned></inf:callInfo><inf:callInfo><inf:callName>customerCustomerRepositoryV1Save</inf:callName><inf:requiredInput>No</inf:requiredInput></inf:callInfo></xsd:appinfo></xsd:annotation></xsd:element><xsd:element name="groupId" minOccurs="0" maxOccurs="1" type="xsd:int"><xsd:annotation><xsd:documentation>Group id</xsd:documentation><xsd:appinfo xmlns:inf="http://soap.upskills.in/soap/default?services=customerCustomerRepositoryV1"><inf:min/><inf:max/><inf:callInfo><inf:callName>customerCustomerRepositoryV1GetById</inf:callName><inf:callName>customerCustomerRepositoryV1Save</inf:callName><inf:returned>Conditionally</inf:returned></inf:callInfo><inf:callInfo><inf:callName>customerCustomerRepositoryV1Save</inf:callName><inf:requiredInput>No</inf:requiredInput></inf:callInfo></xsd:appinfo></xsd:annotation></xsd:element><xsd:element name="defaultBilling" minOccurs="0" maxOccurs="1" type="xsd:string"><xsd:annotation><xsd:documentation>Default billing address id</xsd:documentation><xsd:appinfo xmlns:inf="http://soap.upskills.in/soap/default?services=customerCustomerRepositoryV1"><inf:maxLength/><inf:callInfo><inf:callName>customerCustomerRepositoryV1GetById</inf:callName><inf:callName>customerCustomerRepositoryV1Save</inf:callName><inf:returned>Conditionally</inf:returned></inf:callInfo><inf:callInfo><inf:callName>customerCustomerRepositoryV1Save</inf:callName><inf:requiredInput>No</inf:requiredInput></inf:callInfo></xsd:appinfo></xsd:annotation></xsd:element><xsd:element name="defaultShipping" minOccurs="0" maxOccurs="1" type="xsd:string"><xsd:annotation><xsd:documentation>Default shipping address id</xsd:documentation><xsd:appinfo xmlns:inf="http://soap.upskills.in/soap/default?services=customerCustomerRepositoryV1"><inf:maxLength/><inf:callInfo><inf:callName>customerCustomerRepositoryV1GetById</inf:callName><inf:callName>customerCustomerRepositoryV1Save</inf:callName><inf:returned>Conditionally</inf:returned></inf:callInfo><inf:callInfo><inf:callName>customerCustomerRepositoryV1Save</inf:callName><inf:requiredInput>No</inf:requiredInput></inf:callInfo></xsd:appinfo></xsd:annotation></xsd:element><xsd:element name="confirmation" minOccurs="0" maxOccurs="1" type="xsd:string"><xsd:annotation><xsd:documentation>Confirmation</xsd:documentation><xsd:appinfo xmlns:inf="http://soap.upskills.in/soap/default?services=customerCustomerRepositoryV1"><inf:maxLength/><inf:callInfo><inf:callName>customerCustomerRepositoryV1GetById</inf:callName><inf:callName>customerCustomerRepositoryV1Save</inf:callName><inf:returned>Conditionally</inf:returned></inf:callInfo><inf:callInfo><inf:callName>customerCustomerRepositoryV1Save</inf:callName><inf:requiredInput>No</inf:requiredInput></inf:callInfo></xsd:appinfo></xsd:annotation></xsd:element><xsd:element name="createdAt" minOccurs="0" maxOccurs="1" type="xsd:string"><xsd:annotation><xsd:documentation>Created at time</xsd:documentation><xsd:appinfo xmlns:inf="http://soap.upskills.in/soap/default?services=customerCustomerRepositoryV1"><inf:maxLength/><inf:callInfo><inf:callName>customerCustomerRepositoryV1GetById</inf:callName><inf:callName>customerCustomerRepositoryV1Save</inf:callName><inf:returned>Conditionally</inf:returned></inf:callInfo><inf:callInfo><inf:callName>customerCustomerRepositoryV1Save</inf:callName><inf:requiredInput>No</inf:requiredInput></inf:callInfo></xsd:appinfo></xsd:annotation></xsd:element><xsd:element name="updatedAt" minOccurs="0" maxOccurs="1" type="xsd:string"><xsd:annotation><xsd:documentation>Updated at time</xsd:documentation><xsd:appinfo xmlns:inf="http://soap.upskills.in/soap/default?services=customerCustomerRepositoryV1"><inf:maxLength/><inf:callInfo><inf:callName>customerCustomerRepositoryV1GetById</inf:callName><inf:callName>customerCustomerRepositoryV1Save</inf:callName><inf:returned>Conditionally</inf:returned></inf:callInfo><inf:callInfo><inf:callName>customerCustomerRepositoryV1Save</inf:callName><inf:requiredInput>No</inf:requiredInput></inf:callInfo></xsd:appinfo></xsd:annotation></xsd:element><xsd:element name="createdIn" minOccurs="0" maxOccurs="1" type="xsd:string"><xsd:annotation><xsd:documentation>Created in area</xsd:documentation><xsd:appinfo xmlns:inf="http://soap.upskills.in/soap/default?services=customerCustomerRepositoryV1"><inf:maxLength/><inf:callInfo><inf:callName>customerCustomerRepositoryV1GetById</inf:callName><inf:callName>customerCustomerRepositoryV1Save</inf:callName><inf:returned>Conditionally</inf:returned></inf:callInfo><inf:callInfo><inf:callName>customerCustomerRepositoryV1Save</inf:callName><inf:requiredInput>No</inf:requiredInput></inf:callInfo></xsd:appinfo></xsd:annotation></xsd:element><xsd:element name="dob" minOccurs="0" maxOccurs="1" type="xsd:string"><xsd:annotation><xsd:documentation>Date of birth</xsd:documentation><xsd:appinfo xmlns:inf="http://soap.upskills.in/soap/default?services=customerCustomerRepositoryV1"><inf:maxLength/><inf:callInfo><inf:callName>customerCustomerRepositoryV1GetById</inf:callName><inf:callName>customerCustomerRepositoryV1Save</inf:callName><inf:returned>Conditionally</inf:returned></inf:callInfo><inf:callInfo><inf:callName>customerCustomerRepositoryV1Save</inf:callName><inf:requiredInput>No</inf:requiredInput></inf:callInfo></xsd:appinfo></xsd:annotation></xsd:element><xsd:element name="email" minOccurs="1" maxOccurs="1" type="xsd:string"><xsd:annotation><xsd:documentation>Email address</xsd:documentation><xsd:appinfo xmlns:inf="http://soap.upskills.in/soap/default?services=customerCustomerRepositoryV1"><inf:maxLength/><inf:callInfo><inf:callName>customerCustomerRepositoryV1GetById</inf:callName><inf:callName>customerCustomerRepositoryV1Save</inf:callName><inf:returned>Conditionally</inf:returned></inf:callInfo><inf:callInfo><inf:callName>customerCustomerRepositoryV1Save</inf:callName><inf:requiredInput>No</inf:requiredInput></inf:callInfo></xsd:appinfo></xsd:annotation></xsd:element><xsd:element name="firstname" minOccurs="1" maxOccurs="1" type="xsd:string"><xsd:annotation><xsd:documentation>First name</xsd:documentation><xsd:appinfo xmlns:inf="http://soap.upskills.in/soap/default?services=customerCustomerRepositoryV1"><inf:maxLength/><inf:callInfo><inf:callName>customerCustomerRepositoryV1GetById</inf:callName><inf:callName>customerCustomerRepositoryV1Save</inf:callName><inf:returned>Conditionally</inf:returned></inf:callInfo><inf:callInfo><inf:callName>customerCustomerRepositoryV1Save</inf:callName><inf:requiredInput>No</inf:requiredInput></inf:callInfo></xsd:appinfo></xsd:annotation></xsd:element><xsd:element name="lastname" minOccurs="1" maxOccurs="1" type="xsd:string"><xsd:annotation><xsd:documentation>Last name</xsd:documentation><xsd:appinfo xmlns:inf="http://soap.upskills.in/soap/default?services=customerCustomerRepositoryV1"><inf:maxLength/><inf:callInfo><inf:callName>customerCustomerRepositoryV1GetById</inf:callName><inf:callName>customerCustomerRepositoryV1Save</inf:callName><inf:returned>Conditionally</inf:returned></inf:callInfo><inf:callInfo><inf:callName>customerCustomerRepositoryV1Save</inf:callName><inf:requiredInput>No</inf:requiredInput></inf:callInfo></xsd:appinfo></xsd:annotation></xsd:element><xsd:element name="middlename" minOccurs="0" maxOccurs="1" type="xsd:string"><xsd:annotation><xsd:documentation>Middle name</xsd:documentation><xsd:appinfo xmlns:inf="http://soap.upskills.in/soap/default?services=customerCustomerRepositoryV1"><inf:maxLength/><inf:callInfo><inf:callName>customerCustomerRepositoryV1GetById</inf:callName><inf:callName>customerCustomerRepositoryV1Save</inf:callName><inf:returned>Conditionally</inf:returned></inf:callInfo><inf:callInfo><inf:callName>customerCustomerRepositoryV1Save</inf:callName><inf:requiredInput>No</inf:requiredInput></inf:callInfo></xsd:appinfo></xsd:annotation></xsd:element><xsd:element name="prefix" minOccurs="0" maxOccurs="1" type="xsd:string"><xsd:annotation><xsd:documentation>Prefix</xsd:documentation><xsd:appinfo xmlns:inf="http://soap.upskills.in/soap/default?services=customerCustomerRepositoryV1"><inf:maxLength/><inf:callInfo><inf:callName>customerCustomerRepositoryV1GetById</inf:callName><inf:callName>customerCustomerRepositoryV1Save</inf:callName><inf:returned>Conditionally</inf:returned></inf:callInfo><inf:callInfo><inf:callName>customerCustomerRepositoryV1Save</inf:callName><inf:requiredInput>No</inf:requiredInput></inf:callInfo></xsd:appinfo></xsd:annotation></xsd:element><xsd:element name="suffix" minOccurs="0" maxOccurs="1" type="xsd:string"><xsd:annotation><xsd:documentation>Suffix</xsd:documentation><xsd:appinfo xmlns:inf="http://soap.upskills.in/soap/default?services=customerCustomerRepositoryV1"><inf:maxLength/><inf:callInfo><inf:callName>customerCustomerRepositoryV1GetById</inf:callName><inf:callName>customerCustomerRepositoryV1Save</inf:callName><inf:returned>Conditionally</inf:returned></inf:callInfo><inf:callInfo><inf:callName>customerCustomerRepositoryV1Save</inf:callName><inf:requiredInput>No</inf:requiredInput></inf:callInfo></xsd:appinfo></xsd:annotation></xsd:element><xsd:element name="gender" minOccurs="0" maxOccurs="1" type="xsd:int"><xsd:annotation><xsd:documentation>Gender</xsd:documentation><xsd:appinfo xmlns:inf="http://soap.upskills.in/soap/default?services=customerCustomerRepositoryV1"><inf:min/><inf:max/><inf:callInfo><inf:callName>customerCustomerRepositoryV1GetById</inf:callName><inf:callName>customerCustomerRepositoryV1Save</inf:callName><inf:returned>Conditionally</inf:returned></inf:callInfo><inf:callInfo><inf:callName>customerCustomerRepositoryV1Save</inf:callName><inf:requiredInput>No</inf:requiredInput></inf:callInfo></xsd:appinfo></xsd:annotation></xsd:element><xsd:element name="storeId" minOccurs="0" maxOccurs="1" type="xsd:int"><xsd:annotation><xsd:documentation>Store id</xsd:documentation><xsd:appinfo xmlns:inf="http://soap.upskills.in/soap/default?services=customerCustomerRepositoryV1"><inf:min/><inf:max/><inf:callInfo><inf:callName>customerCustomerRepositoryV1GetById</inf:callName><inf:callName>customerCustomerRepositoryV1Save</inf:callName><inf:returned>Conditionally</inf:returned></inf:callInfo><inf:callInfo><inf:callName>customerCustomerRepositoryV1Save</inf:callName><inf:requiredInput>No</inf:requiredInput></inf:callInfo></xsd:appinfo></xsd:annotation></xsd:element><xsd:element name="taxvat" minOccurs="0" maxOccurs="1" type="xsd:string"><xsd:annotation><xsd:documentation>Tax Vat</xsd:documentation><xsd:appinfo xmlns:inf="http://soap.upskills.in/soap/default?services=customerCustomerRepositoryV1"><inf:maxLength/><inf:callInfo><inf:callName>customerCustomerRepositoryV1GetById</inf:callName><inf:callName>customerCustomerRepositoryV1Save</inf:callName><inf:returned>Conditionally</inf:returned></inf:callInfo><inf:callInfo><inf:callName>customerCustomerRepositoryV1Save</inf:callName><inf:requiredInput>No</inf:requiredInput></inf:callInfo></xsd:appinfo></xsd:annotation></xsd:element><xsd:element name="websiteId" minOccurs="0" maxOccurs="1" type="xsd:int"><xsd:annotation><xsd:documentation>Website id</xsd:documentation><xsd:appinfo xmlns:inf="http://soap.upskills.in/soap/default?services=customerCustomerRepositoryV1"><inf:min/><inf:max/><inf:callInfo><inf:callName>customerCustomerRepositoryV1GetById</inf:callName><inf:callName>customerCustomerRepositoryV1Save</inf:callName><inf:returned>Conditionally</inf:returned></inf:callInfo><inf:callInfo><inf:callName>customerCustomerRepositoryV1Save</inf:callName><inf:requiredInput>No</inf:requiredInput></inf:callInfo></xsd:appinfo></xsd:annotation></xsd:element><xsd:element name="addresses" type="tns:ArrayOfCustomerDataAddressInterface" minOccurs="0"><xsd:annotation><xsd:documentation>Customer addresses.</xsd:documentation><xsd:appinfo xmlns:inf="http://soap.upskills.in/soap/default?services=customerCustomerRepositoryV1"><inf:natureOfType>array</inf:natureOfType><inf:callInfo><inf:callName>customerCustomerRepositoryV1GetById</inf:callName><inf:callName>customerCustomerRepositoryV1Save</inf:callName><inf:returned>Conditionally</inf:returned></inf:callInfo><inf:callInfo><inf:callName>customerCustomerRepositoryV1Save</inf:callName><inf:requiredInput>No</inf:requiredInput></inf:callInfo></xsd:appinfo></xsd:annotation></xsd:element><xsd:element name="disableAutoGroupChange" minOccurs="0" maxOccurs="1" type="xsd:int"><xsd:annotation><xsd:documentation>Disable auto group change flag.</xsd:documentation><xsd:appinfo xmlns:inf="http://soap.upskills.in/soap/default?services=customerCustomerRepositoryV1"><inf:min/><inf:max/><inf:callInfo><inf:callName>customerCustomerRepositoryV1GetById</inf:callName><inf:callName>customerCustomerRepositoryV1Save</inf:callName><inf:returned>Conditionally</inf:returned></inf:callInfo><inf:callInfo><inf:callName>customerCustomerRepositoryV1Save</inf:callName><inf:requiredInput>No</inf:requiredInput></inf:callInfo></xsd:appinfo></xsd:annotation></xsd:element><xsd:element name="extensionAttributes" minOccurs="0" maxOccurs="1" type="tns:CustomerDataCustomerExtensionInterface"><xsd:annotation><xsd:documentation>Existing extension attributes object or create a new one.</xsd:documentation><xsd:appinfo xmlns:inf="http://soap.upskills.in/soap/default?services=customerCustomerRepositoryV1"><inf:callInfo><inf:callName>customerCustomerRepositoryV1GetById</inf:callName><inf:callName>customerCustomerRepositoryV1Save</inf:callName><inf:returned>Conditionally</inf:returned></inf:callInfo><inf:callInfo><inf:callName>customerCustomerRepositoryV1Save</inf:callName><inf:requiredInput>No</inf:requiredInput></inf:callInfo></xsd:appinfo></xsd:annotation></xsd:element><xsd:element name="customAttributes" type="tns:ArrayOfFrameworkAttributeInterface" minOccurs="0"><xsd:annotation><xsd:documentation>Custom attributes values.</xsd:documentation><xsd:appinfo xmlns:inf="http://soap.upskills.in/soap/default?services=customerCustomerRepositoryV1"><inf:natureOfType>array</inf:natureOfType><inf:callInfo><inf:callName>customerCustomerRepositoryV1GetById</inf:callName><inf:callName>customerCustomerRepositoryV1Save</inf:callName><inf:returned>Conditionally</inf:returned></inf:callInfo><inf:callInfo><inf:callName>customerCustomerRepositoryV1Save</inf:callName><inf:requiredInput>No</inf:requiredInput></inf:callInfo></xsd:appinfo></xsd:annotation></xsd:element></xsd:sequence></xsd:complexType><xsd:complexType name="CustomerCustomerRepositoryV1GetByIdResponse"><xsd:annotation><xsd:documentation>Response container for the customerCustomerRepositoryV1GetById call.</xsd:documentation><xsd:appinfo xmlns:inf="http://soap.upskills.in/soap/default?services=customerCustomerRepositoryV1"/></xsd:annotation><xsd:sequence><xsd:element name="result" minOccurs="1" maxOccurs="1" type="tns:CustomerDataCustomerInterface"><xsd:annotation><xsd:documentation></xsd:documentation><xsd:appinfo xmlns:inf="http://soap.upskills.in/soap/default?services=customerCustomerRepositoryV1"><inf:callInfo><inf:callName>customerCustomerRepositoryV1GetById</inf:callName><inf:returned>Always</inf:returned></inf:callInfo></xsd:appinfo></xsd:annotation></xsd:element></xsd:sequence></xsd:complexType><xsd:element name="customerCustomerRepositoryV1SaveRequest" type="tns:CustomerCustomerRepositoryV1SaveRequest"/><xsd:complexType name="CustomerCustomerRepositoryV1SaveRequest"><xsd:annotation><xsd:documentation>Create or update a customer.</xsd:documentation><xsd:appinfo xmlns:inf="http://soap.upskills.in/soap/default?services=customerCustomerRepositoryV1"/></xsd:annotation><xsd:sequence><xsd:element name="customer" minOccurs="1" maxOccurs="1" type="tns:CustomerDataCustomerInterface"><xsd:annotation><xsd:documentation></xsd:documentation><xsd:appinfo xmlns:inf="http://soap.upskills.in/soap/default?services=customerCustomerRepositoryV1"><inf:callInfo><inf:callName>customerCustomerRepositoryV1Save</inf:callName><inf:requiredInput>Yes</inf:requiredInput></inf:callInfo></xsd:appinfo></xsd:annotation></xsd:element><xsd:element name="passwordHash" minOccurs="0" maxOccurs="1" type="xsd:string"><xsd:annotation><xsd:documentation></xsd:documentation><xsd:appinfo xmlns:inf="http://soap.upskills.in/soap/default?services=customerCustomerRepositoryV1"><inf:maxLength/><inf:callInfo><inf:callName>customerCustomerRepositoryV1Save</inf:callName><inf:requiredInput>No</inf:requiredInput></inf:callInfo></xsd:appinfo></xsd:annotation></xsd:element></xsd:sequence></xsd:complexType><xsd:element name="customerCustomerRepositoryV1SaveResponse" type="tns:CustomerCustomerRepositoryV1SaveResponse"/><xsd:complexType name="CustomerCustomerRepositoryV1SaveResponse"><xsd:annotation><xsd:documentation>Response container for the customerCustomerRepositoryV1Save call.</xsd:documentation><xsd:appinfo xmlns:inf="http://soap.upskills.in/soap/default?services=customerCustomerRepositoryV1"/></xsd:annotation><xsd:sequence><xsd:element name="result" minOccurs="1" maxOccurs="1" type="tns:CustomerDataCustomerInterface"><xsd:annotation><xsd:documentation></xsd:documentation><xsd:appinfo xmlns:inf="http://soap.upskills.in/soap/default?services=customerCustomerRepositoryV1"><inf:callInfo><inf:callName>customerCustomerRepositoryV1Save</inf:callName><inf:returned>Always</inf:returned></inf:callInfo></xsd:appinfo></xsd:annotation></xsd:element></xsd:sequence></xsd:complexType><xsd:element name="customerCustomerRepositoryV1GetListRequest" type="tns:CustomerCustomerRepositoryV1GetListRequest"/><xsd:complexType name="FrameworkFilter"><xsd:annotation><xsd:documentation>Filter which can be used by any methods from service layer.</xsd:documentation><xsd:appinfo xmlns:inf="http://soap.upskills.in/soap/default?services=customerCustomerRepositoryV1"/></xsd:annotation><xsd:sequence><xsd:element name="field" minOccurs="1" maxOccurs="1" type="xsd:string"><xsd:annotation><xsd:documentation>Field</xsd:documentation><xsd:appinfo xmlns:inf="http://soap.upskills.in/soap/default?services=customerCustomerRepositoryV1"><inf:maxLength/><inf:callInfo><inf:callName>customerCustomerRepositoryV1GetList</inf:callName><inf:requiredInput>No</inf:requiredInput></inf:callInfo></xsd:appinfo></xsd:annotation></xsd:element><xsd:element name="value" minOccurs="1" maxOccurs="1" type="xsd:string"><xsd:annotation><xsd:documentation>Value</xsd:documentation><xsd:appinfo xmlns:inf="http://soap.upskills.in/soap/default?services=customerCustomerRepositoryV1"><inf:maxLength/><inf:callInfo><inf:callName>customerCustomerRepositoryV1GetList</inf:callName><inf:requiredInput>No</inf:requiredInput></inf:callInfo></xsd:appinfo></xsd:annotation></xsd:element><xsd:element name="conditionType" minOccurs="0" maxOccurs="1" type="xsd:string"><xsd:annotation><xsd:documentation>Condition type</xsd:documentation><xsd:appinfo xmlns:inf="http://soap.upskills.in/soap/default?services=customerCustomerRepositoryV1"><inf:maxLength/><inf:callInfo><inf:callName>customerCustomerRepositoryV1GetList</inf:callName><inf:requiredInput>No</inf:requiredInput></inf:callInfo></xsd:appinfo></xsd:annotation></xsd:element></xsd:sequence></xsd:complexType><xsd:complexType name="ArrayOfFrameworkFilter"><xsd:annotation><xsd:documentation>An array of FrameworkFilter items.</xsd:documentation><xsd:appinfo xmlns:inf="http://soap.upskills.in/soap/default?services=customerCustomerRepositoryV1"/></xsd:annotation><xsd:sequence><xsd:element name="item" minOccurs="0" maxOccurs="unbounded" type="tns:FrameworkFilter"><xsd:annotation><xsd:documentation>An item of ArrayOfFrameworkFilter.</xsd:documentation><xsd:appinfo xmlns:inf="http://soap.upskills.in/soap/default?services=customerCustomerRepositoryV1"><inf:callInfo><inf:callName>customerCustomerRepositoryV1GetList</inf:callName><inf:requiredInput>No</inf:requiredInput></inf:callInfo></xsd:appinfo></xsd:annotation></xsd:element></xsd:sequence></xsd:complexType><xsd:complexType name="FrameworkSearchFilterGroup"><xsd:annotation><xsd:documentation>Groups two or more filters together using a logical OR</xsd:documentation><xsd:appinfo xmlns:inf="http://soap.upskills.in/soap/default?services=customerCustomerRepositoryV1"/></xsd:annotation><xsd:sequence><xsd:element name="filters" type="tns:ArrayOfFrameworkFilter" minOccurs="0"><xsd:annotation><xsd:documentation>A list of filters in this group</xsd:documentation><xsd:appinfo xmlns:inf="http://soap.upskills.in/soap/default?services=customerCustomerRepositoryV1"><inf:natureOfType>array</inf:natureOfType><inf:callInfo><inf:callName>customerCustomerRepositoryV1GetList</inf:callName><inf:requiredInput>No</inf:requiredInput></inf:callInfo></xsd:appinfo></xsd:annotation></xsd:element></xsd:sequence></xsd:complexType><xsd:complexType name="ArrayOfFrameworkSearchFilterGroup"><xsd:annotation><xsd:documentation>An array of FrameworkSearchFilterGroup items.</xsd:documentation><xsd:appinfo xmlns:inf="http://soap.upskills.in/soap/default?services=customerCustomerRepositoryV1"/></xsd:annotation><xsd:sequence><xsd:element name="item" minOccurs="0" maxOccurs="unbounded" type="tns:FrameworkSearchFilterGroup"><xsd:annotation><xsd:documentation>An item of ArrayOfFrameworkSearchFilterGroup.</xsd:documentation><xsd:appinfo xmlns:inf="http://soap.upskills.in/soap/default?services=customerCustomerRepositoryV1"><inf:callInfo><inf:callName>customerCustomerRepositoryV1GetList</inf:callName><inf:requiredInput>No</inf:requiredInput></inf:callInfo></xsd:appinfo></xsd:annotation></xsd:element></xsd:sequence></xsd:complexType><xsd:complexType name="FrameworkSortOrder"><xsd:annotation><xsd:documentation>Data object for sort order.</xsd:documentation><xsd:appinfo xmlns:inf="http://soap.upskills.in/soap/default?services=customerCustomerRepositoryV1"/></xsd:annotation><xsd:sequence><xsd:element name="field" minOccurs="1" maxOccurs="1" type="xsd:string"><xsd:annotation><xsd:documentation>Sorting field.</xsd:documentation><xsd:appinfo xmlns:inf="http://soap.upskills.in/soap/default?services=customerCustomerRepositoryV1"><inf:maxLength/><inf:callInfo><inf:callName>customerCustomerRepositoryV1GetList</inf:callName><inf:requiredInput>No</inf:requiredInput></inf:callInfo></xsd:appinfo></xsd:annotation></xsd:element><xsd:element name="direction" minOccurs="1" maxOccurs="1" type="xsd:string"><xsd:annotation><xsd:documentation>Sorting direction.</xsd:documentation><xsd:appinfo xmlns:inf="http://soap.upskills.in/soap/default?services=customerCustomerRepositoryV1"><inf:maxLength/><inf:callInfo><inf:callName>customerCustomerRepositoryV1GetList</inf:callName><inf:requiredInput>No</inf:requiredInput></inf:callInfo></xsd:appinfo></xsd:annotation></xsd:element></xsd:sequence></xsd:complexType><xsd:complexType name="ArrayOfFrameworkSortOrder"><xsd:annotation><xsd:documentation>An array of FrameworkSortOrder items.</xsd:documentation><xsd:appinfo xmlns:inf="http://soap.upskills.in/soap/default?services=customerCustomerRepositoryV1"/></xsd:annotation><xsd:sequence><xsd:element name="item" minOccurs="0" maxOccurs="unbounded" type="tns:FrameworkSortOrder"><xsd:annotation><xsd:documentation>An item of ArrayOfFrameworkSortOrder.</xsd:documentation><xsd:appinfo xmlns:inf="http://soap.upskills.in/soap/default?services=customerCustomerRepositoryV1"><inf:callInfo><inf:callName>customerCustomerRepositoryV1GetList</inf:callName><inf:requiredInput>No</inf:requiredInput></inf:callInfo></xsd:appinfo></xsd:annotation></xsd:element></xsd:sequence></xsd:complexType><xsd:complexType name="FrameworkSearchCriteriaInterface"><xsd:annotation><xsd:documentation>Search criteria interface.</xsd:documentation><xsd:appinfo xmlns:inf="http://soap.upskills.in/soap/default?services=customerCustomerRepositoryV1"/></xsd:annotation><xsd:sequence><xsd:element name="filterGroups" type="tns:ArrayOfFrameworkSearchFilterGroup"><xsd:annotation><xsd:documentation>A list of filter groups.</xsd:documentation><xsd:appinfo xmlns:inf="http://soap.upskills.in/soap/default?services=customerCustomerRepositoryV1"><inf:natureOfType>array</inf:natureOfType><inf:callInfo><inf:callName>customerCustomerRepositoryV1GetList</inf:callName><inf:requiredInput>Yes</inf:requiredInput></inf:callInfo></xsd:appinfo></xsd:annotation></xsd:element><xsd:element name="sortOrders" type="tns:ArrayOfFrameworkSortOrder" minOccurs="0"><xsd:annotation><xsd:documentation>Sort order.</xsd:documentation><xsd:appinfo xmlns:inf="http://soap.upskills.in/soap/default?services=customerCustomerRepositoryV1"><inf:natureOfType>array</inf:natureOfType><inf:callInfo><inf:callName>customerCustomerRepositoryV1GetList</inf:callName><inf:requiredInput>No</inf:requiredInput></inf:callInfo></xsd:appinfo></xsd:annotation></xsd:element><xsd:element name="pageSize" minOccurs="0" maxOccurs="1" type="xsd:int"><xsd:annotation><xsd:documentation>Page size.</xsd:documentation><xsd:appinfo xmlns:inf="http://soap.upskills.in/soap/default?services=customerCustomerRepositoryV1"><inf:min/><inf:max/><inf:callInfo><inf:callName>customerCustomerRepositoryV1GetList</inf:callName><inf:requiredInput>No</inf:requiredInput></inf:callInfo></xsd:appinfo></xsd:annotation></xsd:element><xsd:element name="currentPage" minOccurs="0" maxOccurs="1" type="xsd:int"><xsd:annotation><xsd:documentation>Current page.</xsd:documentation><xsd:appinfo xmlns:inf="http://soap.upskills.in/soap/default?services=customerCustomerRepositoryV1"><inf:min/><inf:max/><inf:callInfo><inf:callName>customerCustomerRepositoryV1GetList</inf:callName><inf:requiredInput>No</inf:requiredInput></inf:callInfo></xsd:appinfo></xsd:annotation></xsd:element></xsd:sequence></xsd:complexType><xsd:complexType name="CustomerCustomerRepositoryV1GetListRequest"><xsd:annotation><xsd:documentation>Retrieve customers which match a specified criteria. This call returns an array of objects, but detailed information about each object’s attributes might not be included. See https://devdocs.magento.com/codelinks/attributes.html#CustomerRepositoryInterface to determine which call to use to get detailed information about all attributes for an object.</xsd:documentation><xsd:appinfo xmlns:inf="http://soap.upskills.in/soap/default?services=customerCustomerRepositoryV1"/></xsd:annotation><xsd:sequence><xsd:element name="searchCriteria" minOccurs="1" maxOccurs="1" type="tns:FrameworkSearchCriteriaInterface"><xsd:annotation><xsd:documentation></xsd:documentation><xsd:appinfo xmlns:inf="http://soap.upskills.in/soap/default?services=customerCustomerRepositoryV1"><inf:callInfo><inf:callName>customerCustomerRepositoryV1GetList</inf:callName><inf:requiredInput>Yes</inf:requiredInput></inf:callInfo></xsd:appinfo></xsd:annotation></xsd:element></xsd:sequence></xsd:complexType><xsd:element name="customerCustomerRepositoryV1GetListResponse" type="tns:CustomerCustomerRepositoryV1GetListResponse"/><xsd:complexType name="ArrayOfCustomerDataCustomerInterface"><xsd:annotation><xsd:documentation>An array of CustomerDataCustomerInterface items.</xsd:documentation><xsd:appinfo xmlns:inf="http://soap.upskills.in/soap/default?services=customerCustomerRepositoryV1"/></xsd:annotation><xsd:sequence><xsd:element name="item" minOccurs="0" maxOccurs="unbounded" type="tns:CustomerDataCustomerInterface"><xsd:annotation><xsd:documentation>An item of ArrayOfCustomerDataCustomerInterface.</xsd:documentation><xsd:appinfo xmlns:inf="http://soap.upskills.in/soap/default?services=customerCustomerRepositoryV1"><inf:callInfo><inf:callName>customerCustomerRepositoryV1GetList</inf:callName><inf:returned>Conditionally</inf:returned></inf:callInfo></xsd:appinfo></xsd:annotation></xsd:element></xsd:sequence></xsd:complexType><xsd:complexType name="CustomerDataCustomerSearchResultsInterface"><xsd:annotation><xsd:documentation>Interface for customer search results.</xsd:documentation><xsd:appinfo xmlns:inf="http://soap.upskills.in/soap/default?services=customerCustomerRepositoryV1"/></xsd:annotation><xsd:sequence><xsd:element name="items" type="tns:ArrayOfCustomerDataCustomerInterface"><xsd:annotation><xsd:documentation>Customers list.</xsd:documentation><xsd:appinfo xmlns:inf="http://soap.upskills.in/soap/default?services=customerCustomerRepositoryV1"><inf:natureOfType>array</inf:natureOfType><inf:callInfo><inf:callName>customerCustomerRepositoryV1GetList</inf:callName><inf:returned>Always</inf:returned></inf:callInfo></xsd:appinfo></xsd:annotation></xsd:element><xsd:element name="searchCriteria" minOccurs="1" maxOccurs="1" type="tns:FrameworkSearchCriteriaInterface"><xsd:annotation><xsd:documentation>Search criteria.</xsd:documentation><xsd:appinfo xmlns:inf="http://soap.upskills.in/soap/default?services=customerCustomerRepositoryV1"><inf:callInfo><inf:callName>customerCustomerRepositoryV1GetList</inf:callName><inf:returned>Always</inf:returned></inf:callInfo></xsd:appinfo></xsd:annotation></xsd:element><xsd:element name="totalCount" minOccurs="1" maxOccurs="1" type="xsd:int"><xsd:annotation><xsd:documentation>Total count.</xsd:documentation><xsd:appinfo xmlns:inf="http://soap.upskills.in/soap/default?services=customerCustomerRepositoryV1"><inf:min/><inf:max/><inf:callInfo><inf:callName>customerCustomerRepositoryV1GetList</inf:callName><inf:returned>Always</inf:returned></inf:callInfo></xsd:appinfo></xsd:annotation></xsd:element></xsd:sequence></xsd:complexType><xsd:complexType name="CustomerCustomerRepositoryV1GetListResponse"><xsd:annotation><xsd:documentation>Response container for the customerCustomerRepositoryV1GetList call.</xsd:documentation><xsd:appinfo xmlns:inf="http://soap.upskills.in/soap/default?services=customerCustomerRepositoryV1"/></xsd:annotation><xsd:sequence><xsd:element name="result" minOccurs="1" maxOccurs="1" type="tns:CustomerDataCustomerSearchResultsInterface"><xsd:annotation><xsd:documentation></xsd:documentation><xsd:appinfo xmlns:inf="http://soap.upskills.in/soap/default?services=customerCustomerRepositoryV1"><inf:callInfo><inf:callName>customerCustomerRepositoryV1GetList</inf:callName><inf:returned>Always</inf:returned></inf:callInfo></xsd:appinfo></xsd:annotation></xsd:element></xsd:sequence></xsd:complexType><xsd:element name="customerCustomerRepositoryV1DeleteByIdRequest" type="tns:CustomerCustomerRepositoryV1DeleteByIdRequest"/><xsd:complexType name="CustomerCustomerRepositoryV1DeleteByIdRequest"><xsd:annotation><xsd:documentation>Delete customer by Customer ID.</xsd:documentation><xsd:appinfo xmlns:inf="http://soap.upskills.in/soap/default?services=customerCustomerRepositoryV1"/></xsd:annotation><xsd:sequence><xsd:element name="customerId" minOccurs="1" maxOccurs="1" type="xsd:int"><xsd:annotation><xsd:documentation></xsd:documentation><xsd:appinfo xmlns:inf="http://soap.upskills.in/soap/default?services=customerCustomerRepositoryV1"><inf:min/><inf:max/><inf:callInfo><inf:callName>customerCustomerRepositoryV1DeleteById</inf:callName><inf:requiredInput>Yes</inf:requiredInput></inf:callInfo></xsd:appinfo></xsd:annotation></xsd:element></xsd:sequence></xsd:complexType><xsd:element name="customerCustomerRepositoryV1DeleteByIdResponse" type="tns:CustomerCustomerRepositoryV1DeleteByIdResponse"/><xsd:complexType name="CustomerCustomerRepositoryV1DeleteByIdResponse"><xsd:annotation><xsd:documentation>Response container for the customerCustomerRepositoryV1DeleteById call.</xsd:documentation><xsd:appinfo xmlns:inf="http://soap.upskills.in/soap/default?services=customerCustomerRepositoryV1"/></xsd:annotation><xsd:sequence><xsd:element name="result" minOccurs="1" maxOccurs="1" type="xsd:boolean"><xsd:annotation><xsd:documentation>true on success</xsd:documentation><xsd:appinfo xmlns:inf="http://soap.upskills.in/soap/default?services=customerCustomerRepositoryV1"><inf:default>false</inf:default><inf:callInfo><inf:callName>customerCustomerRepositoryV1DeleteById</inf:callName><inf:returned>Always</inf:returned></inf:callInfo></xsd:appinfo></xsd:annotation></xsd:element></xsd:sequence></xsd:complexType></xsd:schema></types><message name="GenericFault"><part name="messageParameters" element="tns:GenericFault"/></message><portType name="customerCustomerRepositoryV1PortType"><operation name="customerCustomerRepositoryV1GetById"><input message="tns:customerCustomerRepositoryV1GetByIdRequest"/><output message="tns:customerCustomerRepositoryV1GetByIdResponse"/><fault name="GenericFault" message="tns:GenericFault"/></operation><operation name="customerCustomerRepositoryV1Save"><input message="tns:customerCustomerRepositoryV1SaveRequest"/><output message="tns:customerCustomerRepositoryV1SaveResponse"/><fault name="GenericFault" message="tns:GenericFault"/></operation><operation name="customerCustomerRepositoryV1GetList"><input message="tns:customerCustomerRepositoryV1GetListRequest"/><output message="tns:customerCustomerRepositoryV1GetListResponse"/><fault name="GenericFault" message="tns:GenericFault"/></operation><operation name="customerCustomerRepositoryV1DeleteById"><input message="tns:customerCustomerRepositoryV1DeleteByIdRequest"/><output message="tns:customerCustomerRepositoryV1DeleteByIdResponse"/><fault name="GenericFault" message="tns:GenericFault"/></operation></portType><binding name="customerCustomerRepositoryV1Binding" type="tns:customerCustomerRepositoryV1PortType"><soap12:binding style="document" transport="http://schemas.xmlsoap.org/soap/http"/><operation name="customerCustomerRepositoryV1GetById"><soap12:operation soapAction="customerCustomerRepositoryV1GetById"/><input><soap12:body use="literal"/></input><output><soap12:body use="literal"/></output><fault name="GenericFault"/></operation><operation name="customerCustomerRepositoryV1Save"><soap12:operation soapAction="customerCustomerRepositoryV1Save"/><input><soap12:body use="literal"/></input><output><soap12:body use="literal"/></output><fault name="GenericFault"/></operation><operation name="customerCustomerRepositoryV1GetList"><soap12:operation soapAction="customerCustomerRepositoryV1GetList"/><input><soap12:body use="literal"/></input><output><soap12:body use="literal"/></output><fault name="GenericFault"/></operation><operation name="customerCustomerRepositoryV1DeleteById"><soap12:operation soapAction="customerCustomerRepositoryV1DeleteById"/><input><soap12:body use="literal"/></input><output><soap12:body use="literal"/></output><fault name="GenericFault"/></operation></binding><service name="customerCustomerRepositoryV1Service"><port name="customerCustomerRepositoryV1Port" binding="tns:customerCustomerRepositoryV1Binding"><soap12:address location="http://soap.upskills.in/soap/default?services=customerCustomerRepositoryV1"/></port></service><message name="customerCustomerRepositoryV1GetByIdRequest"><part name="messageParameters" element="tns:customerCustomerRepositoryV1GetByIdRequest"/></message><message name="customerCustomerRepositoryV1GetByIdResponse"><part name="messageParameters" element="tns:customerCustomerRepositoryV1GetByIdResponse"/></message><message name="customerCustomerRepositoryV1SaveRequest"><part name="messageParameters" element="tns:customerCustomerRepositoryV1SaveRequest"/></message><message name="customerCustomerRepositoryV1SaveResponse"><part name="messageParameters" element="tns:customerCustomerRepositoryV1SaveResponse"/></message><message name="customerCustomerRepositoryV1GetListRequest"><part name="messageParameters" element="tns:customerCustomerRepositoryV1GetListRequest"/></message><message name="customerCustomerRepositoryV1GetListResponse"><part name="messageParameters" element="tns:customerCustomerRepositoryV1GetListResponse"/></message><message name="customerCustomerRepositoryV1DeleteByIdRequest"><part name="messageParameters" element="tns:customerCustomerRepositoryV1DeleteByIdRequest"/></message><message name="customerCustomerRepositoryV1DeleteByIdResponse"><part name="messageParameters" element="tns:customerCustomerRepositoryV1DeleteByIdResponse"/></message></definitions>
