<?xml version="1.0" encoding="UTF-8"?>
<definitions xmlns="http://schemas.xmlsoap.org/wsdl/" xmlns:wsdl="http://schemas.xmlsoap.org/wsdl/" xmlns:tns="http://soap.upskills.in/soap/default?services=salesOrderManagementV1" xmlns:soap="http://schemas.xmlsoap.org/wsdl/soap/" xmlns:xsd="http://www.w3.org/2001/XMLSchema" xmlns:soap-enc="http://schemas.xmlsoap.org/soap/encoding/" xmlns:soap12="http://schemas.xmlsoap.org/wsdl/soap12/" name="MagentoWSDL" targetNamespace="http://soap.upskills.in/soap/default?services=salesOrderManagementV1"><types><xsd:schema targetNamespace="http://soap.upskills.in/soap/default?services=salesOrderManagementV1"><xsd:element name="GenericFault" type="tns:GenericFault"/><xsd:complexType name="GenericFaultParameter"><xsd:sequence><xsd:element name="key" minOccurs="1" maxOccurs="1" type="xsd:string"><xsd:annotation><xsd:documentation></xsd:documentation><xsd:appinfo xmlns:inf="http://soap.upskills.in/soap/default?services=salesOrderManagementV1"><inf:maxLength/></xsd:appinfo></xsd:annotation></xsd:element><xsd:element name="value" minOccurs="1" maxOccurs="1" type="xsd:string"><xsd:annotation><xsd:documentation></xsd:documentation><xsd:appinfo xmlns:inf="http://soap.upskills.in/soap/default?services=salesOrderManagementV1"><inf:maxLength/></xsd:appinfo></xsd:annotation></xsd:element></xsd:sequence></xsd:complexType><xsd:complexType name="ArrayOfGenericFaultParameter"><xsd:annotation><xsd:documentation>An array of GenericFaultParameter items.</xsd:documentation><xsd:appinfo xmlns:inf="http://soap.upskills.in/soap/default?services=salesOrderManagementV1"/></xsd:annotation><xsd:sequence><xsd:element name="item" minOccurs="0" maxOccurs="unbounded" type="tns:GenericFaultParameter"><xsd:annotation><xsd:documentation>An item of ArrayOfGenericFaultParameter.</xsd:documentation><xsd:appinfo xmlns:inf="http://soap.upskills.in/soap/default?services=salesOrderManagementV1"/></xsd:annotation></xsd:element></xsd:sequence></xsd:complexType><xsd:complexType name="WrappedError"><xsd:sequence><xsd:element name="message" minOccurs="1" maxOccurs="1" type="xsd:string"><xsd:annotation><xsd:documentation></xsd:documentation><xsd:appinfo xmlns:inf="http://soap.upskills.in/soap/default?services=salesOrderManagementV1"><inf:maxLength/></xsd:appinfo></xsd:annotation></xsd:element><xsd:element name="parameters" type="tns:ArrayOfGenericFaultParameter" minOccurs="0"><xsd:annotation><xsd:documentation>Message parameters.</xsd:documentation><xsd:appinfo xmlns:inf="http://soap.upskills.in/soap/default?services=salesOrderManagementV1"><inf:natureOfType>array</inf:natureOfType></xsd:appinfo></xsd:annotation></xsd:element></xsd:sequence></xsd:complexType><xsd:complexType name="ArrayOfWrappedError"><xsd:annotation><xsd:documentation>An array of WrappedError items.</xsd:documentation><xsd:appinfo xmlns:inf="http://soap.upskills.in/soap/default?services=salesOrderManagementV1"/></xsd:annotation><xsd:sequence><xsd:element name="item" minOccurs="0" maxOccurs="unbounded" type="tns:WrappedError"><xsd:annotation><xsd:documentation>An item of ArrayOfWrappedError.</xsd:documentation><xsd:appinfo xmlns:inf="http://soap.upskills.in/soap/default?services=salesOrderManagementV1"/></xsd:annotation></xsd:element></xsd:sequence></xsd:complexType><xsd:complexType name="GenericFault"><xsd:sequence><xsd:element name="Trace" minOccurs="0" maxOccurs="1" type="xsd:string"><xsd:annotation><xsd:documentation>Exception calls stack trace.</xsd:documentation><xsd:appinfo xmlns:inf="http://soap.upskills.in/soap/default?services=salesOrderManagementV1"><inf:maxLength/></xsd:appinfo></xsd:annotation></xsd:element><xsd:element name="Parameters" type="tns:ArrayOfGenericFaultParameter" minOccurs="0"><xsd:annotation><xsd:documentation>Additional exception parameters.</xsd:documentation><xsd:appinfo xmlns:inf="http://soap.upskills.in/soap/default?services=salesOrderManagementV1"><inf:natureOfType>array</inf:natureOfType></xsd:appinfo></xsd:annotation></xsd:element><xsd:element name="WrappedErrors" type="tns:ArrayOfWrappedError" minOccurs="0"><xsd:annotation><xsd:documentation>Additional wrapped errors.</xsd:documentation><xsd:appinfo xmlns:inf="http://soap.upskills.in/soap/default?services=salesOrderManagementV1"><inf:natureOfType>array</inf:natureOfType></xsd:appinfo></xsd:annotation></xsd:element></xsd:sequence></xsd:complexType><xsd:complexType name="FrameworkDataImageContentInterface"><xsd:annotation><xsd:documentation>Image Content data interface</xsd:documentation><xsd:appinfo xmlns:inf="http://soap.upskills.in/soap/default?services=salesOrderManagementV1"/></xsd:annotation><xsd:sequence><xsd:element name="base64EncodedData" minOccurs="1" maxOccurs="1" type="xsd:string"><xsd:annotation><xsd:documentation>Media data (base64 encoded content)</xsd:documentation><xsd:appinfo xmlns:inf="http://soap.upskills.in/soap/default?services=salesOrderManagementV1"><inf:maxLength/></xsd:appinfo></xsd:annotation></xsd:element><xsd:element name="type" minOccurs="1" maxOccurs="1" type="xsd:string"><xsd:annotation><xsd:documentation>MIME type</xsd:documentation><xsd:appinfo xmlns:inf="http://soap.upskills.in/soap/default?services=salesOrderManagementV1"><inf:maxLength/></xsd:appinfo></xsd:annotation></xsd:element><xsd:element name="name" minOccurs="1" maxOccurs="1" type="xsd:string"><xsd:annotation><xsd:documentation>Image name</xsd:documentation><xsd:appinfo xmlns:inf="http://soap.upskills.in/soap/default?services=salesOrderManagementV1"><inf:maxLength/></xsd:appinfo></xsd:annotation></xsd:element></xsd:sequence></xsd:complexType><xsd:complexType name="CustomerDataRegionExtensionInterface"><xsd:annotation><xsd:documentation>ExtensionInterface class for @see \Magento\Customer\Api\Data\RegionInterface</xsd:documentation><xsd:appinfo xmlns:inf="http://soap.upskills.in/soap/default?services=salesOrderManagementV1"/></xsd:annotation></xsd:complexType><xsd:complexType name="CustomerDataRegionInterface"><xsd:annotation><xsd:documentation>Customer address region interface.</xsd:documentation><xsd:appinfo xmlns:inf="http://soap.upskills.in/soap/default?services=salesOrderManagementV1"/></xsd:annotation><xsd:sequence><xsd:element name="regionCode" minOccurs="1" maxOccurs="1" type="xsd:string"><xsd:annotation><xsd:documentation>Region code</xsd:documentation><xsd:appinfo xmlns:inf="http://soap.upskills.in/soap/default?services=salesOrderManagementV1"><inf:maxLength/></xsd:appinfo></xsd:annotation></xsd:element><xsd:element name="region" minOccurs="1" maxOccurs="1" type="xsd:string"><xsd:annotation><xsd:documentation>Region</xsd:documentation><xsd:appinfo xmlns:inf="http://soap.upskills.in/soap/default?services=salesOrderManagementV1"><inf:maxLength/></xsd:appinfo></xsd:annotation></xsd:element><xsd:element name="regionId" minOccurs="1" maxOccurs="1" type="xsd:int"><xsd:annotation><xsd:documentation>Region id</xsd:documentation><xsd:appinfo xmlns:inf="http://soap.upskills.in/soap/default?services=salesOrderManagementV1"><inf:min/><inf:max/></xsd:appinfo></xsd:annotation></xsd:element><xsd:element name="extensionAttributes" minOccurs="0" maxOccurs="1" type="tns:CustomerDataRegionExtensionInterface"><xsd:annotation><xsd:documentation>Existing extension attributes object or create a new one.</xsd:documentation><xsd:appinfo xmlns:inf="http://soap.upskills.in/soap/default?services=salesOrderManagementV1"/></xsd:annotation></xsd:element></xsd:sequence></xsd:complexType><xsd:complexType name="ArrayOfString"><xsd:annotation><xsd:documentation>An array of string items.</xsd:documentation><xsd:appinfo xmlns:inf="http://soap.upskills.in/soap/default?services=salesOrderManagementV1"/></xsd:annotation><xsd:sequence><xsd:element name="item" minOccurs="0" maxOccurs="unbounded" type="xsd:string"><xsd:annotation><xsd:documentation>An item of ArrayOfString.</xsd:documentation><xsd:appinfo xmlns:inf="http://soap.upskills.in/soap/default?services=salesOrderManagementV1"><inf:maxLength/></xsd:appinfo></xsd:annotation></xsd:element></xsd:sequence></xsd:complexType><xsd:complexType name="CustomerDataAddressExtensionInterface"><xsd:annotation><xsd:documentation>ExtensionInterface class for @see \Magento\Customer\Api\Data\AddressInterface</xsd:documentation><xsd:appinfo xmlns:inf="http://soap.upskills.in/soap/default?services=salesOrderManagementV1"/></xsd:annotation></xsd:complexType><xsd:complexType name="FrameworkAttributeInterface"><xsd:annotation><xsd:documentation>Interface for custom attribute value.</xsd:documentation><xsd:appinfo xmlns:inf="http://soap.upskills.in/soap/default?services=salesOrderManagementV1"/></xsd:annotation><xsd:sequence><xsd:element name="attributeCode" minOccurs="1" maxOccurs="1" type="xsd:string"><xsd:annotation><xsd:documentation>Attribute code</xsd:documentation><xsd:appinfo xmlns:inf="http://soap.upskills.in/soap/default?services=salesOrderManagementV1"><inf:maxLength/></xsd:appinfo></xsd:annotation></xsd:element><xsd:element name="value" minOccurs="1" maxOccurs="1" type="xsd:anyType"><xsd:annotation><xsd:documentation>Attribute value</xsd:documentation><xsd:appinfo xmlns:inf="http://soap.upskills.in/soap/default?services=salesOrderManagementV1"/></xsd:annotation></xsd:element></xsd:sequence></xsd:complexType><xsd:complexType name="ArrayOfFrameworkAttributeInterface"><xsd:annotation><xsd:documentation>An array of FrameworkAttributeInterface items.</xsd:documentation><xsd:appinfo xmlns:inf="http://soap.upskills.in/soap/default?services=salesOrderManagementV1"/></xsd:annotation><xsd:sequence><xsd:element name="item" minOccurs="0" maxOccurs="unbounded" type="tns:FrameworkAttributeInterface"><xsd:annotation><xsd:documentation>An item of ArrayOfFrameworkAttributeInterface.</xsd:documentation><xsd:appinfo xmlns:inf="http://soap.upskills.in/soap/default?services=salesOrderManagementV1"/></xsd:annotation></xsd:element></xsd:sequence></xsd:complexType><xsd:complexType name="CustomerDataAddressInterface"><xsd:annotation><xsd:documentation>Customer address interface.</xsd:documentation><xsd:appinfo xmlns:inf="http://soap.upskills.in/soap/default?services=salesOrderManagementV1"/></xsd:annotation><xsd:sequence><xsd:element name="id" minOccurs="0" maxOccurs="1" type="xsd:int"><xsd:annotation><xsd:documentation>ID</xsd:documentation><xsd:appinfo xmlns:inf="http://soap.upskills.in/soap/default?services=salesOrderManagementV1"><inf:min/><inf:max/></xsd:appinfo></xsd:annotation></xsd:element><xsd:element name="customerId" minOccurs="0" maxOccurs="1" type="xsd:int"><xsd:annotation><xsd:documentation>Customer ID</xsd:documentation><xsd:appinfo xmlns:inf="http://soap.upskills.in/soap/default?services=salesOrderManagementV1"><inf:min/><inf:max/></xsd:appinfo></xsd:annotation></xsd:element><xsd:element name="region" minOccurs="0" maxOccurs="1" type="tns:CustomerDataRegionInterface"><xsd:annotation><xsd:documentation>Region</xsd:documentation><xsd:appinfo xmlns:inf="http://soap.upskills.in/soap/default?services=salesOrderManagementV1"/></xsd:annotation></xsd:element><xsd:element name="regionId" minOccurs="0" maxOccurs="1" type="xsd:int"><xsd:annotation><xsd:documentation>Region ID</xsd:documentation><xsd:appinfo xmlns:inf="http://soap.upskills.in/soap/default?services=salesOrderManagementV1"><inf:min/><inf:max/></xsd:appinfo></xsd:annotation></xsd:element><xsd:element name="countryId" minOccurs="0" maxOccurs="1" type="xsd:string"><xsd:annotation><xsd:documentation>Country code in ISO_3166-2 format</xsd:documentation><xsd:appinfo xmlns:inf="http://soap.upskills.in/soap/default?services=salesOrderManagementV1"><inf:maxLength/></xsd:appinfo></xsd:annotation></xsd:element><xsd:element name="street" type="tns:ArrayOfString" minOccurs="0"><xsd:annotation><xsd:documentation>Street</xsd:documentation><xsd:appinfo xmlns:inf="http://soap.upskills.in/soap/default?services=salesOrderManagementV1"><inf:natureOfType>array</inf:natureOfType></xsd:appinfo></xsd:annotation></xsd:element><xsd:element name="company" minOccurs="0" maxOccurs="1" type="xsd:string"><xsd:annotation><xsd:documentation>Company</xsd:documentation><xsd:appinfo xmlns:inf="http://soap.upskills.in/soap/default?services=salesOrderManagementV1"><inf:maxLength/></xsd:appinfo></xsd:annotation></xsd:element><xsd:element name="telephone" minOccurs="0" maxOccurs="1" type="xsd:string"><xsd:annotation><xsd:documentation>Telephone number</xsd:documentation><xsd:appinfo xmlns:inf="http://soap.upskills.in/soap/default?services=salesOrderManagementV1"><inf:maxLength/></xsd:appinfo></xsd:annotation></xsd:element><xsd:element name="fax" minOccurs="0" maxOccurs="1" type="xsd:string"><xsd:annotation><xsd:documentation>Fax number</xsd:documentation><xsd:appinfo xmlns:inf="http://soap.upskills.in/soap/default?services=salesOrderManagementV1"><inf:maxLength/></xsd:appinfo></xsd:annotation></xsd:element><xsd:element name="postcode" minOccurs="0" maxOccurs="1" type="xsd:string"><xsd:annotation><xsd:documentation>Postcode</xsd:documentation><xsd:appinfo xmlns:inf="http://soap.upskills.in/soap/default?services=salesOrderManagementV1"><inf:maxLength/></xsd:appinfo></xsd:annotation></xsd:element><xsd:element name="city" minOccurs="0" maxOccurs="1" type="xsd:string"><xsd:annotation><xsd:documentation>City name</xsd:documentation><xsd:appinfo xmlns:inf="http://soap.upskills.in/soap/default?services=salesOrderManagementV1"><inf:maxLength/></xsd:appinfo></xsd:annotation></xsd:element><xsd:element name="firstname" minOccurs="0" maxOccurs="1" type="xsd:string"><xsd:annotation><xsd:documentation>First name</xsd:documentation><xsd:appinfo xmlns:inf="http://soap.upskills.in/soap/default?services=salesOrderManagementV1"><inf:maxLength/></xsd:appinfo></xsd:annotation></xsd:element><xsd:element name="lastname" minOccurs="0" maxOccurs="1" type="xsd:string"><xsd:annotation><xsd:documentation>Last name</xsd:documentation><xsd:appinfo xmlns:inf="http://soap.upskills.in/soap/default?services=salesOrderManagementV1"><inf:maxLength/></xsd:appinfo></xsd:annotation></xsd:element><xsd:element name="middlename" minOccurs="0" maxOccurs="1" type="xsd:string"><xsd:annotation><xsd:documentation>Middle name</xsd:documentation><xsd:appinfo xmlns:inf="http://soap.upskills.in/soap/default?services=salesOrderManagementV1"><inf:maxLength/></xsd:appinfo></xsd:annotation></xsd:element><xsd:element name="prefix" minOccurs="0" maxOccurs="1" type="xsd:string"><xsd:annotation><xsd:documentation>Prefix</xsd:documentation><xsd:appinfo xmlns:inf="http://soap.upskills.in/soap/default?services=salesOrderManagementV1"><inf:maxLength/></xsd:appinfo></xsd:annotation></xsd:element><xsd:element name="suffix" minOccurs="0" maxOccurs="1" type="xsd:string"><xsd:annotation><xsd:documentation>Suffix</xsd:documentation><xsd:appinfo xmlns:inf="http://soap.upskills.in/soap/default?services=salesOrderManagementV1"><inf:maxLength/></xsd:appinfo></xsd:annotation></xsd:element><xsd:element name="vatId" minOccurs="0" maxOccurs="1" type="xsd:string"><xsd:annotation><xsd:documentation>Vat id</xsd:documentation><xsd:appinfo xmlns:inf="http://soap.upskills.in/soap/default?services=salesOrderManagementV1"><inf:maxLength/></xsd:appinfo></xsd:annotation></xsd:element><xsd:element name="defaultShipping" minOccurs="0" maxOccurs="1" type="xsd:boolean"><xsd:annotation><xsd:documentation>If this address is default shipping address.</xsd:documentation><xsd:appinfo xmlns:inf="http://soap.upskills.in/soap/default?services=salesOrderManagementV1"><inf:default>false</inf:default></xsd:appinfo></xsd:annotation></xsd:element><xsd:element name="defaultBilling" minOccurs="0" maxOccurs="1" type="xsd:boolean"><xsd:annotation><xsd:documentation>If this address is default billing address</xsd:documentation><xsd:appinfo xmlns:inf="http://soap.upskills.in/soap/default?services=salesOrderManagementV1"><inf:default>false</inf:default></xsd:appinfo></xsd:annotation></xsd:element><xsd:element name="extensionAttributes" minOccurs="0" maxOccurs="1" type="tns:CustomerDataAddressExtensionInterface"><xsd:annotation><xsd:documentation>Existing extension attributes object or create a new one.</xsd:documentation><xsd:appinfo xmlns:inf="http://soap.upskills.in/soap/default?services=salesOrderManagementV1"/></xsd:annotation></xsd:element><xsd:element name="customAttributes" type="tns:ArrayOfFrameworkAttributeInterface" minOccurs="0"><xsd:annotation><xsd:documentation>Custom attributes values.</xsd:documentation><xsd:appinfo xmlns:inf="http://soap.upskills.in/soap/default?services=salesOrderManagementV1"><inf:natureOfType>array</inf:natureOfType></xsd:appinfo></xsd:annotation></xsd:element></xsd:sequence></xsd:complexType><xsd:element name="salesOrderManagementV1GetStatusRequest" type="tns:SalesOrderManagementV1GetStatusRequest"/><xsd:complexType name="SalesOrderManagementV1GetStatusRequest"><xsd:annotation><xsd:documentation>Gets the status for a specified order.</xsd:documentation><xsd:appinfo xmlns:inf="http://soap.upskills.in/soap/default?services=salesOrderManagementV1"/></xsd:annotation><xsd:sequence><xsd:element name="id" minOccurs="1" maxOccurs="1" type="xsd:int"><xsd:annotation><xsd:documentation>The order ID.</xsd:documentation><xsd:appinfo xmlns:inf="http://soap.upskills.in/soap/default?services=salesOrderManagementV1"><inf:min/><inf:max/><inf:callInfo><inf:callName>salesOrderManagementV1GetStatus</inf:callName><inf:requiredInput>Yes</inf:requiredInput></inf:callInfo></xsd:appinfo></xsd:annotation></xsd:element></xsd:sequence></xsd:complexType><xsd:element name="salesOrderManagementV1GetStatusResponse" type="tns:SalesOrderManagementV1GetStatusResponse"/><xsd:complexType name="SalesOrderManagementV1GetStatusResponse"><xsd:annotation><xsd:documentation>Response container for the salesOrderManagementV1GetStatus call.</xsd:documentation><xsd:appinfo xmlns:inf="http://soap.upskills.in/soap/default?services=salesOrderManagementV1"/></xsd:annotation><xsd:sequence><xsd:element name="result" minOccurs="1" maxOccurs="1" type="xsd:string"><xsd:annotation><xsd:documentation>Order status.</xsd:documentation><xsd:appinfo xmlns:inf="http://soap.upskills.in/soap/default?services=salesOrderManagementV1"><inf:maxLength/><inf:callInfo><inf:callName>salesOrderManagementV1GetStatus</inf:callName><inf:returned>Always</inf:returned></inf:callInfo></xsd:appinfo></xsd:annotation></xsd:element></xsd:sequence></xsd:complexType><xsd:element name="salesOrderManagementV1CancelRequest" type="tns:SalesOrderManagementV1CancelRequest"/><xsd:complexType name="SalesOrderManagementV1CancelRequest"><xsd:annotation><xsd:documentation>Cancels a specified order.</xsd:documentation><xsd:appinfo xmlns:inf="http://soap.upskills.in/soap/default?services=salesOrderManagementV1"/></xsd:annotation><xsd:sequence><xsd:element name="id" minOccurs="1" maxOccurs="1" type="xsd:int"><xsd:annotation><xsd:documentation>The order ID.</xsd:documentation><xsd:appinfo xmlns:inf="http://soap.upskills.in/soap/default?services=salesOrderManagementV1"><inf:min/><inf:max/><inf:callInfo><inf:callName>salesOrderManagementV1Cancel</inf:callName><inf:requiredInput>Yes</inf:requiredInput></inf:callInfo></xsd:appinfo></xsd:annotation></xsd:element></xsd:sequence></xsd:complexType><xsd:element name="salesOrderManagementV1CancelResponse" type="tns:SalesOrderManagementV1CancelResponse"/><xsd:complexType name="SalesOrderManagementV1CancelResponse"><xsd:annotation><xsd:documentation>Response container for the salesOrderManagementV1Cancel call.</xsd:documentation><xsd:appinfo xmlns:inf="http://soap.upskills.in/soap/default?services=salesOrderManagementV1"/></xsd:annotation><xsd:sequence><xsd:element name="result" minOccurs="1" maxOccurs="1" type="xsd:boolean"><xsd:annotation><xsd:documentation></xsd:documentation><xsd:appinfo xmlns:inf="http://soap.upskills.in/soap/default?services=salesOrderManagementV1"><inf:default>false</inf:default><inf:callInfo><inf:callName>salesOrderManagementV1Cancel</inf:callName><inf:returned>Always</inf:returned></inf:callInfo></xsd:appinfo></xsd:annotation></xsd:element></xsd:sequence></xsd:complexType><xsd:element name="salesOrderManagementV1NotifyRequest" type="tns:SalesOrderManagementV1NotifyRequest"/><xsd:complexType name="SalesOrderManagementV1NotifyRequest"><xsd:annotation><xsd:documentation>Emails a user a specified order.</xsd:documentation><xsd:appinfo xmlns:inf="http://soap.upskills.in/soap/default?services=salesOrderManagementV1"/></xsd:annotation><xsd:sequence><xsd:element name="id" minOccurs="1" maxOccurs="1" type="xsd:int"><xsd:annotation><xsd:documentation>The order ID.</xsd:documentation><xsd:appinfo xmlns:inf="http://soap.upskills.in/soap/default?services=salesOrderManagementV1"><inf:min/><inf:max/><inf:callInfo><inf:callName>salesOrderManagementV1Notify</inf:callName><inf:requiredInput>Yes</inf:requiredInput></inf:callInfo></xsd:appinfo></xsd:annotation></xsd:element></xsd:sequence></xsd:complexType><xsd:element name="salesOrderManagementV1NotifyResponse" type="tns:SalesOrderManagementV1NotifyResponse"/><xsd:complexType name="SalesOrderManagementV1NotifyResponse"><xsd:annotation><xsd:documentation>Response container for the salesOrderManagementV1Notify call.</xsd:documentation><xsd:appinfo xmlns:inf="http://soap.upskills.in/soap/default?services=salesOrderManagementV1"/></xsd:annotation><xsd:sequence><xsd:element name="result" minOccurs="1" maxOccurs="1" type="xsd:boolean"><xsd:annotation><xsd:documentation></xsd:documentation><xsd:appinfo xmlns:inf="http://soap.upskills.in/soap/default?services=salesOrderManagementV1"><inf:default>false</inf:default><inf:callInfo><inf:callName>salesOrderManagementV1Notify</inf:callName><inf:returned>Always</inf:returned></inf:callInfo></xsd:appinfo></xsd:annotation></xsd:element></xsd:sequence></xsd:complexType><xsd:element name="salesOrderManagementV1HoldRequest" type="tns:SalesOrderManagementV1HoldRequest"/><xsd:complexType name="SalesOrderManagementV1HoldRequest"><xsd:annotation><xsd:documentation>Holds a specified order.</xsd:documentation><xsd:appinfo xmlns:inf="http://soap.upskills.in/soap/default?services=salesOrderManagementV1"/></xsd:annotation><xsd:sequence><xsd:element name="id" minOccurs="1" maxOccurs="1" type="xsd:int"><xsd:annotation><xsd:documentation>The order ID.</xsd:documentation><xsd:appinfo xmlns:inf="http://soap.upskills.in/soap/default?services=salesOrderManagementV1"><inf:min/><inf:max/><inf:callInfo><inf:callName>salesOrderManagementV1Hold</inf:callName><inf:requiredInput>Yes</inf:requiredInput></inf:callInfo></xsd:appinfo></xsd:annotation></xsd:element></xsd:sequence></xsd:complexType><xsd:element name="salesOrderManagementV1HoldResponse" type="tns:SalesOrderManagementV1HoldResponse"/><xsd:complexType name="SalesOrderManagementV1HoldResponse"><xsd:annotation><xsd:documentation>Response container for the salesOrderManagementV1Hold call.</xsd:documentation><xsd:appinfo xmlns:inf="http://soap.upskills.in/soap/default?services=salesOrderManagementV1"/></xsd:annotation><xsd:sequence><xsd:element name="result" minOccurs="1" maxOccurs="1" type="xsd:boolean"><xsd:annotation><xsd:documentation></xsd:documentation><xsd:appinfo xmlns:inf="http://soap.upskills.in/soap/default?services=salesOrderManagementV1"><inf:default>false</inf:default><inf:callInfo><inf:callName>salesOrderManagementV1Hold</inf:callName><inf:returned>Always</inf:returned></inf:callInfo></xsd:appinfo></xsd:annotation></xsd:element></xsd:sequence></xsd:complexType><xsd:element name="salesOrderManagementV1UnHoldRequest" type="tns:SalesOrderManagementV1UnHoldRequest"/><xsd:complexType name="SalesOrderManagementV1UnHoldRequest"><xsd:annotation><xsd:documentation>Releases a specified order from hold status.</xsd:documentation><xsd:appinfo xmlns:inf="http://soap.upskills.in/soap/default?services=salesOrderManagementV1"/></xsd:annotation><xsd:sequence><xsd:element name="id" minOccurs="1" maxOccurs="1" type="xsd:int"><xsd:annotation><xsd:documentation>The order ID.</xsd:documentation><xsd:appinfo xmlns:inf="http://soap.upskills.in/soap/default?services=salesOrderManagementV1"><inf:min/><inf:max/><inf:callInfo><inf:callName>salesOrderManagementV1UnHold</inf:callName><inf:requiredInput>Yes</inf:requiredInput></inf:callInfo></xsd:appinfo></xsd:annotation></xsd:element></xsd:sequence></xsd:complexType><xsd:element name="salesOrderManagementV1UnHoldResponse" type="tns:SalesOrderManagementV1UnHoldResponse"/><xsd:complexType name="SalesOrderManagementV1UnHoldResponse"><xsd:annotation><xsd:documentation>Response container for the salesOrderManagementV1UnHold call.</xsd:documentation><xsd:appinfo xmlns:inf="http://soap.upskills.in/soap/default?services=salesOrderManagementV1"/></xsd:annotation><xsd:sequence><xsd:element name="result" minOccurs="1" maxOccurs="1" type="xsd:boolean"><xsd:annotation><xsd:documentation></xsd:documentation><xsd:appinfo xmlns:inf="http://soap.upskills.in/soap/default?services=salesOrderManagementV1"><inf:default>false</inf:default><inf:callInfo><inf:callName>salesOrderManagementV1UnHold</inf:callName><inf:returned>Always</inf:returned></inf:callInfo></xsd:appinfo></xsd:annotation></xsd:element></xsd:sequence></xsd:complexType><xsd:element name="salesOrderManagementV1AddCommentRequest" type="tns:SalesOrderManagementV1AddCommentRequest"/><xsd:complexType name="SalesDataOrderStatusHistoryExtensionInterface"><xsd:annotation><xsd:documentation>ExtensionInterface class for @see \Magento\Sales\Api\Data\OrderStatusHistoryInterface</xsd:documentation><xsd:appinfo xmlns:inf="http://soap.upskills.in/soap/default?services=salesOrderManagementV1"/></xsd:annotation></xsd:complexType><xsd:complexType name="SalesDataOrderStatusHistoryInterface"><xsd:annotation><xsd:documentation>Order status history interface. An order is a document that a web store issues to a customer. Magento generates a sales order that lists the product items, billing and shipping addresses, and shipping and payment methods. A corresponding external document, known as a purchase order, is emailed to the customer.</xsd:documentation><xsd:appinfo xmlns:inf="http://soap.upskills.in/soap/default?services=salesOrderManagementV1"/></xsd:annotation><xsd:sequence><xsd:element name="comment" minOccurs="1" maxOccurs="1" type="xsd:string"><xsd:annotation><xsd:documentation>Comment.</xsd:documentation><xsd:appinfo xmlns:inf="http://soap.upskills.in/soap/default?services=salesOrderManagementV1"><inf:maxLength/><inf:callInfo><inf:callName>salesOrderManagementV1AddComment</inf:callName><inf:requiredInput>Yes</inf:requiredInput></inf:callInfo></xsd:appinfo></xsd:annotation></xsd:element><xsd:element name="createdAt" minOccurs="0" maxOccurs="1" type="xsd:string"><xsd:annotation><xsd:documentation>Created-at timestamp.</xsd:documentation><xsd:appinfo xmlns:inf="http://soap.upskills.in/soap/default?services=salesOrderManagementV1"><inf:maxLength/><inf:callInfo><inf:callName>salesOrderManagementV1AddComment</inf:callName><inf:requiredInput>No</inf:requiredInput></inf:callInfo></xsd:appinfo></xsd:annotation></xsd:element><xsd:element name="entityId" minOccurs="0" maxOccurs="1" type="xsd:int"><xsd:annotation><xsd:documentation>Order status history ID.</xsd:documentation><xsd:appinfo xmlns:inf="http://soap.upskills.in/soap/default?services=salesOrderManagementV1"><inf:min/><inf:max/><inf:callInfo><inf:callName>salesOrderManagementV1AddComment</inf:callName><inf:requiredInput>No</inf:requiredInput></inf:callInfo></xsd:appinfo></xsd:annotation></xsd:element><xsd:element name="entityName" minOccurs="0" maxOccurs="1" type="xsd:string"><xsd:annotation><xsd:documentation>Entity name.</xsd:documentation><xsd:appinfo xmlns:inf="http://soap.upskills.in/soap/default?services=salesOrderManagementV1"><inf:maxLength/><inf:callInfo><inf:callName>salesOrderManagementV1AddComment</inf:callName><inf:requiredInput>No</inf:requiredInput></inf:callInfo></xsd:appinfo></xsd:annotation></xsd:element><xsd:element name="isCustomerNotified" minOccurs="1" maxOccurs="1" type="xsd:int"><xsd:annotation><xsd:documentation>Is-customer-notified flag value.</xsd:documentation><xsd:appinfo xmlns:inf="http://soap.upskills.in/soap/default?services=salesOrderManagementV1"><inf:min/><inf:max/><inf:callInfo><inf:callName>salesOrderManagementV1AddComment</inf:callName><inf:requiredInput>No</inf:requiredInput></inf:callInfo></xsd:appinfo></xsd:annotation></xsd:element><xsd:element name="isVisibleOnFront" minOccurs="1" maxOccurs="1" type="xsd:int"><xsd:annotation><xsd:documentation>Is-visible-on-storefront flag value.</xsd:documentation><xsd:appinfo xmlns:inf="http://soap.upskills.in/soap/default?services=salesOrderManagementV1"><inf:min/><inf:max/><inf:callInfo><inf:callName>salesOrderManagementV1AddComment</inf:callName><inf:requiredInput>No</inf:requiredInput></inf:callInfo></xsd:appinfo></xsd:annotation></xsd:element><xsd:element name="parentId" minOccurs="1" maxOccurs="1" type="xsd:int"><xsd:annotation><xsd:documentation>Parent ID.</xsd:documentation><xsd:appinfo xmlns:inf="http://soap.upskills.in/soap/default?services=salesOrderManagementV1"><inf:min/><inf:max/><inf:callInfo><inf:callName>salesOrderManagementV1AddComment</inf:callName><inf:requiredInput>No</inf:requiredInput></inf:callInfo></xsd:appinfo></xsd:annotation></xsd:element><xsd:element name="status" minOccurs="0" maxOccurs="1" type="xsd:string"><xsd:annotation><xsd:documentation>Status.</xsd:documentation><xsd:appinfo xmlns:inf="http://soap.upskills.in/soap/default?services=salesOrderManagementV1"><inf:maxLength/><inf:callInfo><inf:callName>salesOrderManagementV1AddComment</inf:callName><inf:requiredInput>No</inf:requiredInput></inf:callInfo></xsd:appinfo></xsd:annotation></xsd:element><xsd:element name="extensionAttributes" minOccurs="0" maxOccurs="1" type="tns:SalesDataOrderStatusHistoryExtensionInterface"><xsd:annotation><xsd:documentation>Existing extension attributes object or create a new one.</xsd:documentation><xsd:appinfo xmlns:inf="http://soap.upskills.in/soap/default?services=salesOrderManagementV1"><inf:callInfo><inf:callName>salesOrderManagementV1AddComment</inf:callName><inf:requiredInput>No</inf:requiredInput></inf:callInfo></xsd:appinfo></xsd:annotation></xsd:element></xsd:sequence></xsd:complexType><xsd:complexType name="SalesOrderManagementV1AddCommentRequest"><xsd:annotation><xsd:documentation>Adds a comment to a specified order.</xsd:documentation><xsd:appinfo xmlns:inf="http://soap.upskills.in/soap/default?services=salesOrderManagementV1"/></xsd:annotation><xsd:sequence><xsd:element name="id" minOccurs="1" maxOccurs="1" type="xsd:int"><xsd:annotation><xsd:documentation>The order ID.</xsd:documentation><xsd:appinfo xmlns:inf="http://soap.upskills.in/soap/default?services=salesOrderManagementV1"><inf:min/><inf:max/><inf:callInfo><inf:callName>salesOrderManagementV1AddComment</inf:callName><inf:requiredInput>Yes</inf:requiredInput></inf:callInfo></xsd:appinfo></xsd:annotation></xsd:element><xsd:element name="statusHistory" minOccurs="1" maxOccurs="1" type="tns:SalesDataOrderStatusHistoryInterface"><xsd:annotation><xsd:documentation>Status history comment.</xsd:documentation><xsd:appinfo xmlns:inf="http://soap.upskills.in/soap/default?services=salesOrderManagementV1"><inf:callInfo><inf:callName>salesOrderManagementV1AddComment</inf:callName><inf:requiredInput>Yes</inf:requiredInput></inf:callInfo></xsd:appinfo></xsd:annotation></xsd:element></xsd:sequence></xsd:complexType><xsd:element name="salesOrderManagementV1AddCommentResponse" type="tns:SalesOrderManagementV1AddCommentResponse"/><xsd:complexType name="SalesOrderManagementV1AddCommentResponse"><xsd:annotation><xsd:documentation>Response container for the salesOrderManagementV1AddComment call.</xsd:documentation><xsd:appinfo xmlns:inf="http://soap.upskills.in/soap/default?services=salesOrderManagementV1"/></xsd:annotation><xsd:sequence><xsd:element name="result" minOccurs="1" maxOccurs="1" type="xsd:boolean"><xsd:annotation><xsd:documentation></xsd:documentation><xsd:appinfo xmlns:inf="http://soap.upskills.in/soap/default?services=salesOrderManagementV1"><inf:default>false</inf:default><inf:callInfo><inf:callName>salesOrderManagementV1AddComment</inf:callName><inf:returned>Always</inf:returned></inf:callInfo></xsd:appinfo></xsd:annotation></xsd:element></xsd:sequence></xsd:complexType><xsd:element name="salesOrderManagementV1GetCommentsListRequest" type="tns:SalesOrderManagementV1GetCommentsListRequest"/><xsd:complexType name="SalesOrderManagementV1GetCommentsListRequest"><xsd:annotation><xsd:documentation>Lists comments for a specified order.</xsd:documentation><xsd:appinfo xmlns:inf="http://soap.upskills.in/soap/default?services=salesOrderManagementV1"/></xsd:annotation><xsd:sequence><xsd:element name="id" minOccurs="1" maxOccurs="1" type="xsd:int"><xsd:annotation><xsd:documentation>The order ID.</xsd:documentation><xsd:appinfo xmlns:inf="http://soap.upskills.in/soap/default?services=salesOrderManagementV1"><inf:min/><inf:max/><inf:callInfo><inf:callName>salesOrderManagementV1GetCommentsList</inf:callName><inf:requiredInput>Yes</inf:requiredInput></inf:callInfo></xsd:appinfo></xsd:annotation></xsd:element></xsd:sequence></xsd:complexType><xsd:element name="salesOrderManagementV1GetCommentsListResponse" type="tns:SalesOrderManagementV1GetCommentsListResponse"/><xsd:complexType name="ArrayOfSalesDataOrderStatusHistoryInterface"><xsd:annotation><xsd:documentation>An array of SalesDataOrderStatusHistoryInterface items.</xsd:documentation><xsd:appinfo xmlns:inf="http://soap.upskills.in/soap/default?services=salesOrderManagementV1"/></xsd:annotation><xsd:sequence><xsd:element name="item" minOccurs="0" maxOccurs="unbounded" type="tns:SalesDataOrderStatusHistoryInterface"><xsd:annotation><xsd:documentation>An item of ArrayOfSalesDataOrderStatusHistoryInterface.</xsd:documentation><xsd:appinfo xmlns:inf="http://soap.upskills.in/soap/default?services=salesOrderManagementV1"><inf:callInfo><inf:callName>salesOrderManagementV1GetCommentsList</inf:callName><inf:returned>Conditionally</inf:returned></inf:callInfo></xsd:appinfo></xsd:annotation></xsd:element></xsd:sequence></xsd:complexType><xsd:complexType name="FrameworkFilter"><xsd:annotation><xsd:documentation>Filter which can be used by any methods from service layer.</xsd:documentation><xsd:appinfo xmlns:inf="http://soap.upskills.in/soap/default?services=salesOrderManagementV1"/></xsd:annotation><xsd:sequence><xsd:element name="field" minOccurs="1" maxOccurs="1" type="xsd:string"><xsd:annotation><xsd:documentation>Field</xsd:documentation><xsd:appinfo xmlns:inf="http://soap.upskills.in/soap/default?services=salesOrderManagementV1"><inf:maxLength/><inf:callInfo><inf:callName>salesOrderManagementV1GetCommentsList</inf:callName><inf:returned>Conditionally</inf:returned></inf:callInfo></xsd:appinfo></xsd:annotation></xsd:element><xsd:element name="value" minOccurs="1" maxOccurs="1" type="xsd:string"><xsd:annotation><xsd:documentation>Value</xsd:documentation><xsd:appinfo xmlns:inf="http://soap.upskills.in/soap/default?services=salesOrderManagementV1"><inf:maxLength/><inf:callInfo><inf:callName>salesOrderManagementV1GetCommentsList</inf:callName><inf:returned>Conditionally</inf:returned></inf:callInfo></xsd:appinfo></xsd:annotation></xsd:element><xsd:element name="conditionType" minOccurs="0" maxOccurs="1" type="xsd:string"><xsd:annotation><xsd:documentation>Condition type</xsd:documentation><xsd:appinfo xmlns:inf="http://soap.upskills.in/soap/default?services=salesOrderManagementV1"><inf:maxLength/><inf:callInfo><inf:callName>salesOrderManagementV1GetCommentsList</inf:callName><inf:returned>Conditionally</inf:returned></inf:callInfo></xsd:appinfo></xsd:annotation></xsd:element></xsd:sequence></xsd:complexType><xsd:complexType name="ArrayOfFrameworkFilter"><xsd:annotation><xsd:documentation>An array of FrameworkFilter items.</xsd:documentation><xsd:appinfo xmlns:inf="http://soap.upskills.in/soap/default?services=salesOrderManagementV1"/></xsd:annotation><xsd:sequence><xsd:element name="item" minOccurs="0" maxOccurs="unbounded" type="tns:FrameworkFilter"><xsd:annotation><xsd:documentation>An item of ArrayOfFrameworkFilter.</xsd:documentation><xsd:appinfo xmlns:inf="http://soap.upskills.in/soap/default?services=salesOrderManagementV1"><inf:callInfo><inf:callName>salesOrderManagementV1GetCommentsList</inf:callName><inf:returned>Conditionally</inf:returned></inf:callInfo></xsd:appinfo></xsd:annotation></xsd:element></xsd:sequence></xsd:complexType><xsd:complexType name="FrameworkSearchFilterGroup"><xsd:annotation><xsd:documentation>Groups two or more filters together using a logical OR</xsd:documentation><xsd:appinfo xmlns:inf="http://soap.upskills.in/soap/default?services=salesOrderManagementV1"/></xsd:annotation><xsd:sequence><xsd:element name="filters" type="tns:ArrayOfFrameworkFilter" minOccurs="0"><xsd:annotation><xsd:documentation>A list of filters in this group</xsd:documentation><xsd:appinfo xmlns:inf="http://soap.upskills.in/soap/default?services=salesOrderManagementV1"><inf:natureOfType>array</inf:natureOfType><inf:callInfo><inf:callName>salesOrderManagementV1GetCommentsList</inf:callName><inf:returned>Conditionally</inf:returned></inf:callInfo></xsd:appinfo></xsd:annotation></xsd:element></xsd:sequence></xsd:complexType><xsd:complexType name="ArrayOfFrameworkSearchFilterGroup"><xsd:annotation><xsd:documentation>An array of FrameworkSearchFilterGroup items.</xsd:documentation><xsd:appinfo xmlns:inf="http://soap.upskills.in/soap/default?services=salesOrderManagementV1"/></xsd:annotation><xsd:sequence><xsd:element name="item" minOccurs="0" maxOccurs="unbounded" type="tns:FrameworkSearchFilterGroup"><xsd:annotation><xsd:documentation>An item of ArrayOfFrameworkSearchFilterGroup.</xsd:documentation><xsd:appinfo xmlns:inf="http://soap.upskills.in/soap/default?services=salesOrderManagementV1"><inf:callInfo><inf:callName>salesOrderManagementV1GetCommentsList</inf:callName><inf:returned>Conditionally</inf:returned></inf:callInfo></xsd:appinfo></xsd:annotation></xsd:element></xsd:sequence></xsd:complexType><xsd:complexType name="FrameworkSortOrder"><xsd:annotation><xsd:documentation>Data object for sort order.</xsd:documentation><xsd:appinfo xmlns:inf="http://soap.upskills.in/soap/default?services=salesOrderManagementV1"/></xsd:annotation><xsd:sequence><xsd:element name="field" minOccurs="1" maxOccurs="1" type="xsd:string"><xsd:annotation><xsd:documentation>Sorting field.</xsd:documentation><xsd:appinfo xmlns:inf="http://soap.upskills.in/soap/default?services=salesOrderManagementV1"><inf:maxLength/><inf:callInfo><inf:callName>salesOrderManagementV1GetCommentsList</inf:callName><inf:returned>Conditionally</inf:returned></inf:callInfo></xsd:appinfo></xsd:annotation></xsd:element><xsd:element name="direction" minOccurs="1" maxOccurs="1" type="xsd:string"><xsd:annotation><xsd:documentation>Sorting direction.</xsd:documentation><xsd:appinfo xmlns:inf="http://soap.upskills.in/soap/default?services=salesOrderManagementV1"><inf:maxLength/><inf:callInfo><inf:callName>salesOrderManagementV1GetCommentsList</inf:callName><inf:returned>Conditionally</inf:returned></inf:callInfo></xsd:appinfo></xsd:annotation></xsd:element></xsd:sequence></xsd:complexType><xsd:complexType name="ArrayOfFrameworkSortOrder"><xsd:annotation><xsd:documentation>An array of FrameworkSortOrder items.</xsd:documentation><xsd:appinfo xmlns:inf="http://soap.upskills.in/soap/default?services=salesOrderManagementV1"/></xsd:annotation><xsd:sequence><xsd:element name="item" minOccurs="0" maxOccurs="unbounded" type="tns:FrameworkSortOrder"><xsd:annotation><xsd:documentation>An item of ArrayOfFrameworkSortOrder.</xsd:documentation><xsd:appinfo xmlns:inf="http://soap.upskills.in/soap/default?services=salesOrderManagementV1"><inf:callInfo><inf:callName>salesOrderManagementV1GetCommentsList</inf:callName><inf:returned>Conditionally</inf:returned></inf:callInfo></xsd:appinfo></xsd:annotation></xsd:element></xsd:sequence></xsd:complexType><xsd:complexType name="FrameworkSearchCriteriaInterface"><xsd:annotation><xsd:documentation>Search criteria interface.</xsd:documentation><xsd:appinfo xmlns:inf="http://soap.upskills.in/soap/default?services=salesOrderManagementV1"/></xsd:annotation><xsd:sequence><xsd:element name="filterGroups" type="tns:ArrayOfFrameworkSearchFilterGroup"><xsd:annotation><xsd:documentation>A list of filter groups.</xsd:documentation><xsd:appinfo xmlns:inf="http://soap.upskills.in/soap/default?services=salesOrderManagementV1"><inf:natureOfType>array</inf:natureOfType><inf:callInfo><inf:callName>salesOrderManagementV1GetCommentsList</inf:callName><inf:returned>Always</inf:returned></inf:callInfo></xsd:appinfo></xsd:annotation></xsd:element><xsd:element name="sortOrders" type="tns:ArrayOfFrameworkSortOrder" minOccurs="0"><xsd:annotation><xsd:documentation>Sort order.</xsd:documentation><xsd:appinfo xmlns:inf="http://soap.upskills.in/soap/default?services=salesOrderManagementV1"><inf:natureOfType>array</inf:natureOfType><inf:callInfo><inf:callName>salesOrderManagementV1GetCommentsList</inf:callName><inf:returned>Conditionally</inf:returned></inf:callInfo></xsd:appinfo></xsd:annotation></xsd:element><xsd:element name="pageSize" minOccurs="0" maxOccurs="1" type="xsd:int"><xsd:annotation><xsd:documentation>Page size.</xsd:documentation><xsd:appinfo xmlns:inf="http://soap.upskills.in/soap/default?services=salesOrderManagementV1"><inf:min/><inf:max/><inf:callInfo><inf:callName>salesOrderManagementV1GetCommentsList</inf:callName><inf:returned>Conditionally</inf:returned></inf:callInfo></xsd:appinfo></xsd:annotation></xsd:element><xsd:element name="currentPage" minOccurs="0" maxOccurs="1" type="xsd:int"><xsd:annotation><xsd:documentation>Current page.</xsd:documentation><xsd:appinfo xmlns:inf="http://soap.upskills.in/soap/default?services=salesOrderManagementV1"><inf:min/><inf:max/><inf:callInfo><inf:callName>salesOrderManagementV1GetCommentsList</inf:callName><inf:returned>Conditionally</inf:returned></inf:callInfo></xsd:appinfo></xsd:annotation></xsd:element></xsd:sequence></xsd:complexType><xsd:complexType name="SalesDataOrderStatusHistorySearchResultInterface"><xsd:annotation><xsd:documentation>Order status history search result interface. An order is a document that a web store issues to a customer. Magento generates a sales order that lists the product items, billing and shipping addresses, and shipping and payment methods. A corresponding external document, known as a purchase order, is emailed to the customer.</xsd:documentation><xsd:appinfo xmlns:inf="http://soap.upskills.in/soap/default?services=salesOrderManagementV1"/></xsd:annotation><xsd:sequence><xsd:element name="items" type="tns:ArrayOfSalesDataOrderStatusHistoryInterface"><xsd:annotation><xsd:documentation>Array of collection items.</xsd:documentation><xsd:appinfo xmlns:inf="http://soap.upskills.in/soap/default?services=salesOrderManagementV1"><inf:natureOfType>array</inf:natureOfType><inf:callInfo><inf:callName>salesOrderManagementV1GetCommentsList</inf:callName><inf:returned>Always</inf:returned></inf:callInfo></xsd:appinfo></xsd:annotation></xsd:element><xsd:element name="searchCriteria" minOccurs="1" maxOccurs="1" type="tns:FrameworkSearchCriteriaInterface"><xsd:annotation><xsd:documentation>Search criteria.</xsd:documentation><xsd:appinfo xmlns:inf="http://soap.upskills.in/soap/default?services=salesOrderManagementV1"><inf:callInfo><inf:callName>salesOrderManagementV1GetCommentsList</inf:callName><inf:returned>Always</inf:returned></inf:callInfo></xsd:appinfo></xsd:annotation></xsd:element><xsd:element name="totalCount" minOccurs="1" maxOccurs="1" type="xsd:int"><xsd:annotation><xsd:documentation>Total count.</xsd:documentation><xsd:appinfo xmlns:inf="http://soap.upskills.in/soap/default?services=salesOrderManagementV1"><inf:min/><inf:max/><inf:callInfo><inf:callName>salesOrderManagementV1GetCommentsList</inf:callName><inf:returned>Always</inf:returned></inf:callInfo></xsd:appinfo></xsd:annotation></xsd:element></xsd:sequence></xsd:complexType><xsd:complexType name="SalesOrderManagementV1GetCommentsListResponse"><xsd:annotation><xsd:documentation>Response container for the salesOrderManagementV1GetCommentsList call.</xsd:documentation><xsd:appinfo xmlns:inf="http://soap.upskills.in/soap/default?services=salesOrderManagementV1"/></xsd:annotation><xsd:sequence><xsd:element name="result" minOccurs="1" maxOccurs="1" type="tns:SalesDataOrderStatusHistorySearchResultInterface"><xsd:annotation><xsd:documentation>Order status history search results interface.</xsd:documentation><xsd:appinfo xmlns:inf="http://soap.upskills.in/soap/default?services=salesOrderManagementV1"><inf:callInfo><inf:callName>salesOrderManagementV1GetCommentsList</inf:callName><inf:returned>Always</inf:returned></inf:callInfo></xsd:appinfo></xsd:annotation></xsd:element></xsd:sequence></xsd:complexType></xsd:schema></types><message name="GenericFault"><part name="messageParameters" element="tns:GenericFault"/></message><portType name="salesOrderManagementV1PortType"><operation name="salesOrderManagementV1GetStatus"><input message="tns:salesOrderManagementV1GetStatusRequest"/><output message="tns:salesOrderManagementV1GetStatusResponse"/><fault name="GenericFault" message="tns:GenericFault"/></operation><operation name="salesOrderManagementV1Cancel"><input message="tns:salesOrderManagementV1CancelRequest"/><output message="tns:salesOrderManagementV1CancelResponse"/><fault name="GenericFault" message="tns:GenericFault"/></operation><operation name="salesOrderManagementV1Notify"><input message="tns:salesOrderManagementV1NotifyRequest"/><output message="tns:salesOrderManagementV1NotifyResponse"/><fault name="GenericFault" message="tns:GenericFault"/></operation><operation name="salesOrderManagementV1Hold"><input message="tns:salesOrderManagementV1HoldRequest"/><output message="tns:salesOrderManagementV1HoldResponse"/><fault name="GenericFault" message="tns:GenericFault"/></operation><operation name="salesOrderManagementV1UnHold"><input message="tns:salesOrderManagementV1UnHoldRequest"/><output message="tns:salesOrderManagementV1UnHoldResponse"/><fault name="GenericFault" message="tns:GenericFault"/></operation><operation name="salesOrderManagementV1AddComment"><input message="tns:salesOrderManagementV1AddCommentRequest"/><output message="tns:salesOrderManagementV1AddCommentResponse"/><fault name="GenericFault" message="tns:GenericFault"/></operation><operation name="salesOrderManagementV1GetCommentsList"><input message="tns:salesOrderManagementV1GetCommentsListRequest"/><output message="tns:salesOrderManagementV1GetCommentsListResponse"/><fault name="GenericFault" message="tns:GenericFault"/></operation></portType><binding name="salesOrderManagementV1Binding" type="tns:salesOrderManagementV1PortType"><soap12:binding style="document" transport="http://schemas.xmlsoap.org/soap/http"/><operation name="salesOrderManagementV1GetStatus"><soap12:operation soapAction="salesOrderManagementV1GetStatus"/><input><soap12:body use="literal"/></input><output><soap12:body use="literal"/></output><fault name="GenericFault"/></operation><operation name="salesOrderManagementV1Cancel"><soap12:operation soapAction="salesOrderManagementV1Cancel"/><input><soap12:body use="literal"/></input><output><soap12:body use="literal"/></output><fault name="GenericFault"/></operation><operation name="salesOrderManagementV1Notify"><soap12:operation soapAction="salesOrderManagementV1Notify"/><input><soap12:body use="literal"/></input><output><soap12:body use="literal"/></output><fault name="GenericFault"/></operation><operation name="salesOrderManagementV1Hold"><soap12:operation soapAction="salesOrderManagementV1Hold"/><input><soap12:body use="literal"/></input><output><soap12:body use="literal"/></output><fault name="GenericFault"/></operation><operation name="salesOrderManagementV1UnHold"><soap12:operation soapAction="salesOrderManagementV1UnHold"/><input><soap12:body use="literal"/></input><output><soap12:body use="literal"/></output><fault name="GenericFault"/></operation><operation name="salesOrderManagementV1AddComment"><soap12:operation soapAction="salesOrderManagementV1AddComment"/><input><soap12:body use="literal"/></input><output><soap12:body use="literal"/></output><fault name="GenericFault"/></operation><operation name="salesOrderManagementV1GetCommentsList"><soap12:operation soapAction="salesOrderManagementV1GetCommentsList"/><input><soap12:body use="literal"/></input><output><soap12:body use="literal"/></output><fault name="GenericFault"/></operation></binding><service name="salesOrderManagementV1Service"><port name="salesOrderManagementV1Port" binding="tns:salesOrderManagementV1Binding"><soap12:address location="http://soap.upskills.in/soap/default?services=salesOrderManagementV1"/></port></service><message name="salesOrderManagementV1GetStatusRequest"><part name="messageParameters" element="tns:salesOrderManagementV1GetStatusRequest"/></message><message name="salesOrderManagementV1GetStatusResponse"><part name="messageParameters" element="tns:salesOrderManagementV1GetStatusResponse"/></message><message name="salesOrderManagementV1CancelRequest"><part name="messageParameters" element="tns:salesOrderManagementV1CancelRequest"/></message><message name="salesOrderManagementV1CancelResponse"><part name="messageParameters" element="tns:salesOrderManagementV1CancelResponse"/></message><message name="salesOrderManagementV1NotifyRequest"><part name="messageParameters" element="tns:salesOrderManagementV1NotifyRequest"/></message><message name="salesOrderManagementV1NotifyResponse"><part name="messageParameters" element="tns:salesOrderManagementV1NotifyResponse"/></message><message name="salesOrderManagementV1HoldRequest"><part name="messageParameters" element="tns:salesOrderManagementV1HoldRequest"/></message><message name="salesOrderManagementV1HoldResponse"><part name="messageParameters" element="tns:salesOrderManagementV1HoldResponse"/></message><message name="salesOrderManagementV1UnHoldRequest"><part name="messageParameters" element="tns:salesOrderManagementV1UnHoldRequest"/></message><message name="salesOrderManagementV1UnHoldResponse"><part name="messageParameters" element="tns:salesOrderManagementV1UnHoldResponse"/></message><message name="salesOrderManagementV1AddCommentRequest"><part name="messageParameters" element="tns:salesOrderManagementV1AddCommentRequest"/></message><message name="salesOrderManagementV1AddCommentResponse"><part name="messageParameters" element="tns:salesOrderManagementV1AddCommentResponse"/></message><message name="salesOrderManagementV1GetCommentsListRequest"><part name="messageParameters" element="tns:salesOrderManagementV1GetCommentsListRequest"/></message><message name="salesOrderManagementV1GetCommentsListResponse"><part name="messageParameters" element="tns:salesOrderManagementV1GetCommentsListResponse"/></message></definitions>
